-- phpMyAdmin SQL Dump
-- version 5.0.2
-- https://www.phpmyadmin.net/
--
-- Host: 127.0.0.1
-- Generation Time: Jan 29, 2021 at 04:15 PM
-- Server version: 10.4.14-MariaDB
-- PHP Version: 7.2.33

SET SQL_MODE = "NO_AUTO_VALUE_ON_ZERO";
START TRANSACTION;
SET time_zone = "+00:00";


/*!40101 SET @OLD_CHARACTER_SET_CLIENT=@@CHARACTER_SET_CLIENT */;
/*!40101 SET @OLD_CHARACTER_SET_RESULTS=@@CHARACTER_SET_RESULTS */;
/*!40101 SET @OLD_COLLATION_CONNECTION=@@COLLATION_CONNECTION */;
/*!40101 SET NAMES utf8mb4 */;

--
-- Database: `laravel_framework`
--

-- --------------------------------------------------------

--
-- Table structure for table `balance`
--

CREATE TABLE `balance` (
  `id` bigint(20) UNSIGNED NOT NULL,
  `user_id` bigint(20) UNSIGNED NOT NULL,
  `balance` double(10,2) NOT NULL DEFAULT 0.00,
  `created_at` timestamp NULL DEFAULT NULL,
  `updated_at` timestamp NULL DEFAULT NULL
) ENGINE=InnoDB DEFAULT CHARSET=utf8mb4 COLLATE=utf8mb4_unicode_ci;

--
-- Dumping data for table `balance`
--

INSERT INTO `balance` (`id`, `user_id`, `balance`, `created_at`, `updated_at`) VALUES
(1, 1, 1100.00, '2020-09-17 04:08:40', '2020-09-17 04:08:40'),
(2, 3, 200.00, '2020-09-24 06:47:03', '2020-09-24 06:47:03'),
(3, 4, 0.00, '2020-09-30 15:28:41', '2020-09-30 15:28:41');

-- --------------------------------------------------------

--
-- Table structure for table `failed_jobs`
--

CREATE TABLE `failed_jobs` (
  `id` bigint(20) UNSIGNED NOT NULL,
  `connection` text COLLATE utf8mb4_unicode_ci NOT NULL,
  `queue` text COLLATE utf8mb4_unicode_ci NOT NULL,
  `payload` longtext COLLATE utf8mb4_unicode_ci NOT NULL,
  `exception` longtext COLLATE utf8mb4_unicode_ci NOT NULL,
  `failed_at` timestamp NOT NULL DEFAULT current_timestamp()
) ENGINE=InnoDB DEFAULT CHARSET=utf8mb4 COLLATE=utf8mb4_unicode_ci;

-- --------------------------------------------------------

--
-- Table structure for table `inbox_notification`
--

CREATE TABLE `inbox_notification` (
  `inbox_notification_id` int(10) UNSIGNED NOT NULL,
  `subject` varchar(255) COLLATE utf8_unicode_ci NOT NULL,
  `body` text COLLATE utf8_unicode_ci DEFAULT NULL,
  `read_at` timestamp NULL DEFAULT NULL,
  `receiver` bigint(20) UNSIGNED NOT NULL,
  `created_at` timestamp NULL DEFAULT NULL,
  `updated_at` timestamp NULL DEFAULT NULL
) ENGINE=InnoDB DEFAULT CHARSET=utf8 COLLATE=utf8_unicode_ci;

--
-- Dumping data for table `inbox_notification`
--

INSERT INTO `inbox_notification` (`inbox_notification_id`, `subject`, `body`, `read_at`, `receiver`, `created_at`, `updated_at`) VALUES
(1, 'Regarding Withdraw Request', 'User Demo User requested to withdraw the amount.', '2020-09-17 12:24:56', 2, '2020-09-17 12:10:42', '2020-09-17 12:24:56'),
(2, 'Regarding withdraw status', NULL, '2020-09-30 15:10:19', 1, '2020-09-17 12:23:32', '2020-09-30 15:10:19'),
(3, 'Regarding Withdraw Request', 'User Demo User requested to withdraw the amount.', '2020-09-30 15:31:06', 2, '2020-09-30 15:13:15', '2020-09-30 15:31:06'),
(4, 'Regarding withdraw status', NULL, '2020-10-02 13:16:49', 1, '2020-09-30 15:31:48', '2020-10-02 13:16:49'),
(5, 'Regarding KYC upload', 'KYC has been updated by the user Demo User', NULL, 2, '2020-10-01 10:23:20', '2020-10-01 10:23:20'),
(6, 'Regarding Withdraw Request', 'User Demo User requested to withdraw the amount.', NULL, 2, '2020-10-06 07:28:39', '2020-10-06 07:28:39');

-- --------------------------------------------------------

--
-- Table structure for table `kyc_documents`
--

CREATE TABLE `kyc_documents` (
  `id` bigint(20) UNSIGNED NOT NULL,
  `user_id` bigint(20) UNSIGNED NOT NULL,
  `name` varchar(50) COLLATE utf8mb4_unicode_ci NOT NULL,
  `id_number` varchar(100) COLLATE utf8mb4_unicode_ci NOT NULL,
  `document_type` varchar(255) COLLATE utf8mb4_unicode_ci NOT NULL,
  `status` varchar(20) COLLATE utf8mb4_unicode_ci NOT NULL DEFAULT 'pending',
  `remarks` varchar(255) COLLATE utf8mb4_unicode_ci DEFAULT NULL,
  `image_data` mediumblob NOT NULL,
  `created_at` timestamp NULL DEFAULT NULL,
  `updated_at` timestamp NULL DEFAULT NULL
) ENGINE=InnoDB DEFAULT CHARSET=utf8mb4 COLLATE=utf8mb4_unicode_ci;

--
-- Dumping data for table `kyc_documents`
--

INSERT INTO `kyc_documents` (`id`, `user_id`, `name`, `id_number`, `document_type`, `status`, `remarks`, `image_data`, `created_at`, `updated_at`) VALUES
(1, 1, 'Kevin Pietersen', 'ABCDEF1234K', 'pancard', 'pending', NULL, 0xffd8ffe000104a46494600010101006000600000fffe003b43524541544f523a2067642d6a7065672076312e3020287573696e6720494a47204a50454720763930292c207175616c697479203d2039300affdb0043000302020302020303030304030304050805050404050a070706080c0a0c0c0b0a0b0b0d0e12100d0e110e0b0b1016101113141515150c0f171816141812141514ffdb00430103040405040509050509140d0b0d1414141414141414141414141414141414141414141414141414141414141414141414141414141414141414141414141414ffc0001108014002e303012200021101031101ffc4001f0000010501010101010100000000000000000102030405060708090a0bffc400b5100002010303020403050504040000017d01020300041105122131410613516107227114328191a1082342b1c11552d1f02433627282090a161718191a25262728292a3435363738393a434445464748494a535455565758595a636465666768696a737475767778797a838485868788898a92939495969798999aa2a3a4a5a6a7a8a9aab2b3b4b5b6b7b8b9bac2c3c4c5c6c7c8c9cad2d3d4d5d6d7d8d9dae1e2e3e4e5e6e7e8e9eaf1f2f3f4f5f6f7f8f9faffc4001f0100030101010101010101010000000000000102030405060708090a0bffc400b51100020102040403040705040400010277000102031104052131061241510761711322328108144291a1b1c109233352f0156272d10a162434e125f11718191a262728292a35363738393a434445464748494a535455565758595a636465666768696a737475767778797a82838485868788898a92939495969798999aa2a3a4a5a6a7a8a9aab2b3b4b5b6b7b8b9bac2c3c4c5c6c7c8c9cad2d3d4d5d6d7d8d9dae2e3e4e5e6e7e8e9eaf2f3f4f5f6f7f8f9faffda000c03010002110311003f00fd53a28a2800a28a2800a28a2800a28a2800a28a2800a28a2800a28a2800a28a2800a28a2800a28a2800a28a2800a28a2800a28a2800a28a2800a28a2800a28a2800a28a2800a28a2800a28a2800a28a2800a28a2800a28a2800a28a2800a28a2800a28a2800a28a2800a28a2800a28a2800a28a2800a28a2800a28a2800a28a2800a28a2800a28a2800a28a2800a28a2800a28a2800a28a2800a28a2800a28a2800a28a2800a28a2800a28a2800a28a2800a28a2800a28a2800a28a2800a28a2803c7be28f8cf5bf0afc66f0243a5e91adf892dee74cd50cfa3e8f736f1190ab5aed95c5c4f0c6db37301f3161bce0726b8ad1be22eb1a9f8b75d7d5ecfc4ba167c79a5585be9373aa42925b23d8c4c51fc979e36859897312b8dc5b24839af77d43c1965a978d346f13cb2dc2dfe956b73690468ca22649cc45cb0c6491e4ae3047539078c615dfc1ad16f75dbbd59eeafc5cdd6b96bafbaac89b05c5bc0b0a281b33b0aa0246739ce08e9401cd7c51f19eb7e15f8cde04874bd235bf125bdce99aa19f47d1ee6de232156b5db2b8b89e18db66e603e62c379c0e4d731a0fc68d5b435f8adaf6b360da18b2d76cad2df4df19ebd6b636d60af676dcc970924f1448598b623dec4b7ddc935ed3a87832cb52f1a68de27965b85bfd2ad6e6d208d19444c93988b9618c923c95c608ea720f18e57c47f02f4ad7eeb56bd8759d6347d52fb57b6d6d2fec1e0325a5cc302c0a625962742a513056457cee6e9c600395f0cfed1ba8f8ced3c2f1e89e1bd2f50d4b5ad4350b0668b5d63a7c7f64c17963b816c5a58dd7952225c9c7183b873b6ff00b469f02f86b4a46b7b674bdbed589bff001a789c5944e61be963fb3c374f6e637988c98e1731808a06f214b57a87857e06e8be13d4f4cd420d4b56bdbab0bfbfd451ef67490c935e0026de420246412a06319c74000a73fc04b58f43fec9d2fc5fe26d0ece46bcfb5476735aca9769733bcd223c73dbc918c348c03a2abed382e68038abef8bbe23f0678e3e22ea43493adf85f4fbcd2fed3f69d5cc4f6514d04408b584248b236e7dcca5e253904331271d0fed19f12edfe155dfc3dd6b50d4ee74ed1c6b92477ab6eec05c21b2b8291b2820302e1386f941009200c8de97e02f86ce83e21d1e196fad6c35a5b349638654fdcadaa46912c64a1c0c44b9ddb89e7a5749e2cf01e9be33bfd06eb5132b7f635dbddc30a15f2e56682485964054e576cadc0c738e71c100f34f1b7ed0ba9f80efb41b2d5f42d034abad42dbed6e357f13ad94320326d16f693bdbf957172170c6267894165c3b2e5c7b6ab6e50718c8ce2bcaefbf67fb7baf0e43a041e35f1558e8a2d24d3a7b18ee2d668ae6cd998adbb2cd6ee142ab98c3c7b2429b433b15523bdd0b49bbd26e6fa26b80da5831269f6a02ff00a344b12a95c85079604fcc58fbf3b4006c5145140051451400514514005145140051451400514514005145140051451400514514005145140051451400514514005145140051451400514514005145140051451400514514005145140051451400514514005145140051451400514514005145140051451400514514005145140051451400514514005145140051451400514514005145140051451400514514005145140051451400514514005145140051451400514514005145140051451400514514005145140051451400514514005145140051451400514514005145140051451400514514005145140051451400514514005145140051451400514514005145140051451400514514005145140051451400514514005145140051451400514514005145140051451400514514005145140051451400514514005145140051451400514514005145140051451400514514005145140051451400514514005145140051451400514514005145140051451401e35fb51786e3b8f86fa9ebf0ea9afe97aa58242904ba3ebf7da7a00f711ab6e8e09911ce188cb29233c1ac9f12aebdf0d7e29784b43f05457daf432e8baa5d3d8788bc5178d0bbacb69f3cb7137da24254160836b60be3e50491ebbe39f075978ffc2d7ba0ea12cf0d9ddecdef6ccab20daeae305811d5476e99a66a3e08b1d4fc67a7789a596e16fec6c6e74f8a34651118e66899cb0db9dc0c2b8c10393907b00791f8c3f6aa83c3be01f0c789e0b0d06dd759d21b57163e22f12c7a74ee1554b416d1ac52bdccbce000aabd3e604e2ae788bf68ad5f4cbbd7ae74ff0007417de1ed06db4fbcd42fae357f22e3c9ba40f886010b8774079567453c61b3c0bf73fb30e852691a7e996be22f11e99656fa0b786ee63b3b8814dfd91c90b2b184b2b296621e1319f98e491c56e5c7c0ad0ae745f1269925eea4d0ebf67676575279918754b68c46853f7780c40cb64119e8074a00e27e1dfc5eb8bbf8c1f103c196aefadeab6fae9b9782f2f5a34d3f4f1696b9318218b12ee71120c6589664dc0b743f073e3b9f8adadea3a7bd8e8d6125b46d29b3b3d756e751b3c4853cabeb378a292d65ff006409172186ff00bbbb68fc13d1175a9b5786f752b6d4a4d6bfb6c5d432a2ba48604b792153b3fd4c91c60329c9cf21810a55de15f84107873c530ebd79e25d77c4d77676d2d969cbadbdbc9f608246567449238525933e5c6374ef237c83e6c962403ccf59f883aff86be3878d6f2fec1b50b6b0874bd3342b083c43731c32cf78eca9e6db08844373659e56f31a358fe50d9206fcdf1f75e8ae2db435f0759378cdb5d3a0cf6075a61631c86cdaed255b9fb36f68cc6173fb90c092369c0cf61e23f837a2789efbc417b73737f0ddeb1f62733412206b496d18bdbcd0e5080eac777cfb94e002a4641a7a37c0cd234abed3751b8d5b57d5f59b5d5df5b9b54be921f3af6e0dbb5b0f34471220458982aac6a806d1ef900bbf127e20eade0b7f0bd9697a15b6b3ac6bf7c74f861b8d40dac10b882598b3ca2291b6fee88e109e738ed5c0a7ed63a18f892be1a966f0e25bff006aff0061ba2f88e36d585de76161a7f9618c1e67c9e66f0dfc5e5ede6bd6bc47e0bb2f146afe1cd46ea5b88e7d0af5afed961650af218648487c824aed958f041c81cf63810fc2286d3c54faad9f89fc4361a5c97a75197c3b6b71147612dc91f33b11179f866f99a31288d9b928727201c869dfb42ead7b75e1dba7f07c31786fc4771771e95a80d5b75c34704134bbe683c90232fe4fcaaaef80c4b152369b337ed2361a6f87bc3badea9a535969da9f84ee3c553badd0736c912c0c6119550e4f9ff78951f2f4e78a3a8fc06b8d1fc7fe06bad22ff55d43c2fa7ea5792c9a35d4f6e2cf4b866b4b85610808b2b069245003bc9b01c26c5c8ad5f0f7ecd3a068d1db5bdf6b9af788ec2d349b8d0ad2cb559a0f2adec66f2f742a6286363b444a15dd99fae58f1800e5b45fdae6cb55d03c4f711daf87b56d5347b38750587c31e255d5ad0412c9e5eeb89e280341e59cb4b889c2a7cca5f90256f8e3e27f145d7c34b8f0fa786a6b1d57c453e99a9cba4788a3d4ace7892d6593f713a5b92d8dbb886589c3c6171b5b7d77b63f07ee2db4cd46dae7e2078cb51bab98a28adefe6be82296c1636dc86248614898e7ef34b1c85c0dae597e5aa56bf0074db792d2f64f116b973afc3ad2ebb2eb920b35b9b99d60fb3ec9112dd61d861fdd9db1ab6390c1be6a00f3ef0afc79d7ecbc2d6d6ba1785dfc45f62d0e7d7aeef3c41e232b30852ea78da3f316d5cc927eec95caaae382cb805ba0f177ed1da969ba56b3acf877c230eb9a2e87a4db6a9a9cb79ab7d8e78ccf119638a28c4322c85536b392e980c36ef3c5751a0fc03f0ff876caeed6daf35278ee7469343732cb19220796594b0c463e7dd33007a600e3a93e63f163e0c6b97f25ef86fc31a4f89134fd5747b3d227d4acf54d3d34eb858818d64be4900b9578d791f66044830ae3030003dcbc51e33ff845e6f0e34d67e6596ab7e96135cf9bb45ab488c636231f3067558fa8c171d7a570cdf1c359d620d220f0cf84edb53d5f53b6bcd4e2b6d43556b3845841308d25328824224977a32c7b3182d971b79d9f8efe10bef1bfc29d53c2fa659dd5cdeea6a9690dddadc4703583ee052ecbb329022650ff002067c81853527883e0cd86ad67a1269badeafe16bed1ec5b4bb7d4746683cf368ca81e16f3e295082638ceeda1c15cab0c9c807396dfb48da6a7e1cf116b761a24b2d9e97e13b7f14c4b3dc08de712ace7c860158211e463702c3e6e9c73d1783fe266ade31f1d6ada3dbf87ed6df47d2a3b7375a94ba91f38bcd6e9322c700870c06e218b3ae30a406c90b89af7eccde1dd56cc5869fac6bbe1bd2e4d097c397961a4cf088ef6c94384591a58a470cbe63e1e36463b8e49aee7c2be02d3fc21aaeb3a859cd732cdaa9b733aceca557c985614db8518caa82739e7d3a50078a8f0cbfc4bfda5be2868da9f88bc536761a6693a53e9f0e91e23beb08ad649525df22c704c88cc4aa9f9d581c723ad723e1dfdb36e3c2ff0fbc1d65aeb691a878aeeed3509ae350f12eb316876b3c56770f06e593cb70d3ca546d8d5029f9c9650067dab5ef80a9a9f8f75ef16e97e38f14785b50d72d6decefe1d27ec0d14b1c2aca98f3ed65743876e5581e7b60557bffd9a3c351d978763f0cea7ad7816ef42d3e5d26d351d02e223706d25c192273711cc1b2e03f984798186438c9c80711e0bfda635bf1d7c513269da769a7e1e1f05c3e278de6bd105ee252dcbef411860c853699111412e5cf0abc9f893f6b67f1b7c33f8a36775a25ee8773a478646b505ff0085b5d955a785dd9336f7b25a2287057896159e23ced76c57b46bff00b39787bc45aabdedc6abae2a5cf87cf86b50b7374930d46cfe6c79f2ca8f3190172dbd64524f5c8e2b9c1fb1ef872e74af10596a7e2bf156b2dadf87d3c33717379716a248ec9083188c25baa2b2f4ced39c92db8f3401c31fda11fe147897e2ceafacdddd6a7636f73a058e9763a96a7e55b4135cdaaf2f33e5608f712f24817a0276b1c03d268ffb61daf89b4ab4b5d0749d275df17dd7890786a1b2d3b5ef3f4b965f27ed0674be4809684420b1221ddb814dbc66bb3d5bf666f0aeb2de25927bbd552e75b9b4fbbfb4c53c6b258dc59205b79adcf9780cbb4121c3a939054a92b53ea1fb3f58eb1a059da6a3e2df146a3ae58eadfdb767e25baba81efad6e7057312187ece89b1993cb584210492a5896a00c5fd97bc4dae789a2f89726bd35d9b9b5f18dedac76d75766e45ac6a916228d89ff560925400383f7549207956bbe35d4fc0ff00b4cdddafc4dbff001bf86f4cd4f5cb73e13f12693a94874096168f62e9f736fcc0acec1f2cf199096cee40aad5f477c2ff00851a67c28b4d721d3aff0052d49f59d525d5eee7d526596433c8143e0aaae17e5040c719c0c0c0181e22fd9f74ff0015eb2d36ade2bf145fe80fa9c5ac37862e6f2296c7ed1132bc787788dc24624457112cc23c8c6dda4a900e3a0fdac5a5f8cd63e07ff8466de5b4d4352b9d26d752b3d51ae592e2189e4db3f9701b788b796dfbb172f3282a5e25ce04ba47ed363c71a668ba7da787a7b4d5f51d2f56bad66d935031cba2fd8cf952287f28ef7331088484e32d8e315a9a1feca1e1bf0ff8b346d66d7c41e2436da2eb175ae69ba3497301b2b5b8b91279f81e4f98eade6b1f9dd8aff09504e7a0f0f7ecf9e14f0c78bbc7be24b1176ba978cd0477e5e452b02ed2184036fc81892ed92d96e7da803ca3c05fb45eb367e07f87fa4685e19b8f125f5ff814789fed7e24f121f38a44515a39ae05ab196460c4f981002c002141dc35c7ed7173e20d2e3bff0008f83535c86dbc230f8bb544bcd57ec6f6d0caac62822fdcb89643e5c9f78c6a02839e715d9f867f66bf0c7853fe11ff00b25f6ad27f62785dfc276fe74d11df68c54977c46332fca39185ff0066bc87e217ecf3ab78461b2d07c0be1df146a1a78f069f0bb6b1a5eb9a742d76ab95862bf8ae123708bbd9bceb570ff330dbd280367c59fb6bc3e1ad47c17627c3ba75bdcf88f41b6d75175ad7c69c8eb291ba0b69a480c32ca83248964801f94024b60769fb5ff8a3c43e18fd9dbc4fa9f8665365a8f95121b95bd7b59ade3791559a3923563bfe6c0c15c6490c081986ff00f65fb3f13fc3cd0fc2fad789f5eb7b08343b5d1b54d2ec67865b0bf589579315c432089b20e2587ca908232d955dbdff008f3e1568bf103e1b5cf81eedae6c3449a08adc7d85d5658e38d94a052eac3f800e41e2803cbb44f8dfa8f82f53d7bc2f7be198a2d2fc13a25aeadadeab73e26b8bf95629619646585a680cb70ea63c032b26e07395c05325cfed3bab78734b86efc51e0a834a3aa787eefc43a24767ad7dabed096f0899e0b82604f22528c846cf393ef7cdc0dde871fc19f0f1f1478c35bb91737cde2ad3adf4bd46cae1d4db98224740142a86059646c92c7b6315cbc1fb306852584b69ab788fc49e218e3d1ee341d35b52b880b6976932049160f2e14dce55517cc9bcd7c201bb96c8071737ed5de2ddce90fc36b06924f0a0f18da89bc48d186b303f791cbfe884a4c091b5543ab7774aecfe2cfc67bdd2bf666baf885e1a8bec97d7da65b5c589bc40e2d5ae4c6aaf22e7076799b88e876fa569bfecf1e1c7b88e637baa6e8fc2ade1003cd8f1f6438cbffabff5bc75fbbfecd74d6bf0cb418fe195bf806f6d8eafe1c8f4d4d25e0be219a7816309872a17920750073c8c500790f8cb47bcf815a97c39d6b49f14788f537d575cb5d1358b7d6b57b8d420bf4b80419447348c903ab80c3c808b8257695c017b43fda95f5dd37c15731f85d6293c4de2bbff000bac6da8f16e6d8dc81316f2be6ddf67fbb818dfd4e39eab40f80361a66b3a15feb1e29f1278c22f0f92da358ebd3dbbc162fb76090795046f348a995579da4619241dc49ac9d2bf657f0e68fe20d2351835ef101b3d1f5fb8f1269fa3b4d6ff0064b6ba9c4be70188448c8c6666c33b1538da4024100f2bd1ff006c7f13785be0f43e30f1b685a289350f165de836f7116a53c56168b1cd326eb9916d24789418422b04937960cde58c85ec3fe1a03c65e20f1a7c1cb6d1f47d021d23c570dedc6a2abae25e0fdc2e184371047246e8376f52305c80ade561b3d869bfb3a59681a45e69ba278d3c57a1db4bab5c6b16c963736c16d249ddde688235bb24d13b48c765c2cdb782bb4806aa68bfb2b7853c31a6f842d744d4355d1e5f0ddd5ddd457569f660f766e8e6e5255680c6a9267a4491ed1809b001800e67c31fb5e8d7be204de1d97c3302db4b65a8de58ea161aa35e4721b400b47248b00b70e41e4413cfb0fcafb4d3bc13fb5c3eb49e1cbcf1278522f0ee93e20f0a5c78aecae6db5537922c502c6d3452a18630a71202a4336e03908781b3e15fd923c37e13d4749b887c49e26bdb7d1ecaf74dd32c6eee6dcc1676d740892240b02b363390ceccfc0058818ad7d0ff00666f09688be0c8fced4afadfc2de1fb8f0d5b41772c6c9716932c6b219b6c6097c44b82a547278e9800f23ff0085c1e30f177c58f015fea9a75df84f46d5bc13aceaf1e95a7eb8d32ce9b6dda17947968a970818ff000b84dff2bb7cc058f037ed33ace9bf0efc3965a27856e3c493dbf8060f164b77e23f129fb44910255a396716ac659885cefd8a18e73b3ad7a3f873f65ad07c3daae8f7cfe25f136aa746d1eeb40d3a1d42e6dda3b6b29c2298c6d814b141180aec4b9fe367c2e26f0f7ecbde15f0d69f0d9daea1ac49145e135f070334d113f63049121c443f7bf31f9beeff00b340183acfed4b753995bc25e104f10c361e148bc5ba9fdaf54fb13c104cacd0c310f264124ac239090cd1a80a3939c54df1c7e236a3ac7ec65e24f1be932dd787752bcf0c0d4eddecae9966b4778d5c6c95769caeec6e007e15c67c57f817ade93750699e0bf0df896face4f069f0c49ab68fade9d07da95015862bf8ae151c22ee67f3ad5c3fcce36f415ec4ff0005ecf5ff00d9fadfe17ebb773ad9c9a1c3a3dddce9eeab2616254668d9d48eabc12bf85007897c3af1be987e306810f8275bf195d59693a2dc5e78d6c7c5579abc8b0c4d12b5b48916a4dbbcc6915b698460aeecf0456ffc3afdb7345f881752c70d96907ed3a1ddebba65be9de208ef2ebcbb71b9a1be856306d26652ac141947df04e5707d4b5af813e1ed67c73e1ef16f9f7d65abe91612694ed6b222a6a366eb836f74a50ef407e618da41e87b560597ecfd1f827c1fad69da1788bc49aa5a268775a4e8de1ebebe8c58d9248adb6345448fcc20ed557b8691954603004e40394b1fdb13fb2341d235ef1af848787744d6bc353f8934d9ec353fb74b22431a492dbca86188249b5c14dace180392878adabcfda4756f0b4579078b7c1f6da4ead2786eefc4da5db586b26f23ba86dd54cb0cb21823314a3cc8f8559170490c718acdf84ffb2b69a9e00f0d43e3e7d535ad42dfc2c3407d1351ba8a4b5d36396245ba8e1689433172b8def248540c2155e2bab83f66cd1a6b4d423d6fc47e21f13dd5c68b3787adafb559adfceb0b294012470f95046a59b6a13248aee762e588e08071e9f1d7e22eb1e3df843670786341d2b46f17c1717f34326b324d71f674811c06616a15197cc2db5776e2aa37a0273dcfece035bff841b576d7f51bbd4ef4f89358092dddc3ccc90adf4cb146acdc855455014703181c55ebff0081fa55cc9e019ad357d5b4bbcf05a79161776a6dda49a131ac6f14c2485d4abaa0c940ac3aa95aea3c1be13ff843b4dbab3fed9d5f5cf3ef6e2f3ed1acdd7da258fcd90bf948d8188d33b517f8540193401bd451450014514500145145001451450014514500145145001451450014514500145145001451450014514500145145001451450014514500145145001451450014514500145145001451450014514500145145001451450014514500145145001451450014514500145145001451450014514500145145001451450014514500145145001451450014514500145145001451450014514500145145001451450014514500145145001451450014514500145145001451450014514500145145001451450014514500145145001451450014514500145145001451450014514500145145001451450014514500145145001451450014514500145145001451450014514500145145001451450078f7c51f19eb7e15f8cde04874bd235bf125bdce99aa19f47d1ee6de232156b5db2b8b89e18db66e603e62c379c0e4d737e1df8c9abe8f1fc5ad7f58d3e4d1bec1add9db5be99e30d72d6cadec55ed2db992e1259a28a32ce5cf965d896e10b1c57b36a1e0cb2d4bc69a3789e596e16ff4ab5b9b482346511324e622e5863248f2571823a9c83c6397f11fc0dd27c4126b5709abeafa56a1a96af6badadf58c90f9969756f12451b442489d08db18cac8ae0ee6f6c00717a0fed31aaf8b2dbc3d6fa0f8574cd6358d5f52d434c0d6baf96d3636b58c49e72dd0b6dd242eac30c22ce48c291cd5b87f683f106bda8e85a3f873c0d15f6bd7f63a85c5cdbea5ac1b482ca6b3b8482688cab0485c1773b1c27cd85c850495a9ac7ecf17767e2ef0949a16bdafdbc30ea5a9ead7fae8b9b57bbb7b8b8811372acb114757656f94c6eabb8e0280bb52fff00679bab6f1ef854681aceb9e1fd2f4dd0f51b79bc4163716af7925d5c5cc123991678e4566976cae58458523e529c0a00dbb0fda260d4f449af60d02e12e65b2d3eef4eb29e70b25d35d4c60f2d885210c7329562378c61bbe2babf8a1e3ed43c0b67a18d2f46875bd4b58d4a3d32dedee2f4da44b23c7230679047210a0a738527049009183c85c7c17b55f889f0de3d374abcb0f0ff0082ace668ef5af14c7745d4247032ef3248cac3cd2d228190a41624edf47f147836cbc5b71a14d792cf1b68fa826a5008194069151d407c8395c39e060f4e6803c85ff6b2d1ed7e22af86aedfc350a26a916877112f89636d516f1f6a968ec4c419edc48c13cc2eae705bcbda32742dff0069280fc5b4f075c5bf87cc125d5cda0361e248ef353b668627977dd59a45b6046113edccccdf77280960bd71f8450c5e2c9757b3f14788b4cd3a7bd1a95cf87ecae628ecae2e4000c8cc22f3c06214b46b2ac6c41dc87736ec9d1bf679d1f45f10d86a4bafebd756ba76a577aa58e93713406d2da4b91289d40108775633b9fde3b15e0295058100f30f14fc5df14f892e742d727d2aebc3fe15d47c35adea564fa4eb8de75d44b046f0b4c0c2a209f69dc98f382e4fcd9183d2d87ed0dacd9c72b278452e7c35a45fe99a45eea973ae66f5daea3b6292243f67c4855ae577ee923e995c93b46f5bfeccda24416093c47e22b9d32db4fbdd2f4ed3669edfc8d3ad6e542c91c44421db680a14cad215000ce38ad84f80da02689ab6962f352fb3ea5a8d8ea73379b1ef596d45b88c29d980a7ecb1ee041272d82323001877ff001e356875c47b3f0a5b5e7851fc451f8646ac7562973f68f33cb924fb3f904794afb9411296257eea8f986e7ecffaadeeb3f0edae750bcb8beb9fed8d562f3ae65691f625fce88b9624e1555540ec0003a579e6aff0bfc45ab7c5186ded346f10697e1d4f12c5af4d2bea760da3318fe76962451f6cf3a4600189c794ac5981c804fbb786bc3d6fe17d2cd8db36f8bcf9a7cf910c3f3492348df2c488bd58f38c9eac59896201ab451450014514500145145001451450014514500145145001451450014514500145145001451450014514500145145001451450014514500145145001451450014514500145145001451450014514500145145001451450014514500145145001451450014514500145145001451450014514500145145001451450014514500145145001451450014514500145145001451450014514500145145001451450014514500145145001451450014514500145145001451450014514500145145001451450014514500145145001451450014514500145145001451450014514500145145001451450014514500145145001451450014514500145145001451450014514500145145001451450014514500145145001451450014514500145145001451450014514500145145001451450014514500145145001451450014514500145145001451450014514500145145001451450014514500145145001451450078f7c51f19eb7e15f8cde04874bd235bf125bdce99aa19f47d1ee6de232156b5db2b8b89e18db66e603e62c379c0e4d71963fb405cf837fe1666b7e24b2b8d0dc788ecb4cd3b49f15eaf6d6d05a34965011e65c4724f1411677c84a163c9f94b1da7dd750f06596a5e34d1bc4f2cb70b7fa55adcda411a3288992731172c31924792b8c11d4e41e3181ab7c19d235593c4570ba86a7637fac6a36fab0beb592312d8dd43147147241b90af0b18cac81d5b73020a9db401c37867f69b97c712e87a7f86b48d135dd5efb50bbd3ae64b1f1109b4d85a08a399a48eea3818cc8d1c831fbb56ddf2951c90dd17f6b0d075bf8950f8663b8f0e9b5bad526d12010788e293575ba8cba96974f0819212d1ba871216e509401b23bdd13e11db699ab689ab5f788b5ef10eada54d753a5e6ab711b34cd3c62360c891a468aaaa36a44b1a8392412492dd2fe1143a3789c6a567e27f10dbe92b792ea0be1b86e228f4f17126e2ee4ac427652cecfe5b4a63dcd9d9c0c0071fa8fc6397e1978d343f00dd0d36ee4115aa35febfaf1b0bcd40cae509b18e7465bb2871b94ceae3207cc48ddbff18fc5fe28f0bf88be1b5b78763b27b6d5bc402cb5117771e51783ecf33951fb993fb9bb20a9ca2ae70c48d1f1c7c2287c79a84ad79e26d7adb47ba110bfd0609607b2bc11b0650c2585e48b3819f21e3ce3279e6b5fc6de02b5f1bff61bcb7f7ba5dd68da8c7a95a5cd818b7ac8a8e8548911d4ab248ea46dce0e415201001c6784fe38de788bc43a0adcf8762b1f0cf8927b9b7d0f558f5032dc4ef0876267b7f29442ae9148c8564938037052715abe3ff89dabf877c491e85e1cf0edb788afe1d364d5efc5dea46c961b6570804644326f95cefda8db17e43975e293c37f03b48f0cf896cf548f56d5af2cb4e96e27d2744ba921365a6493eef35a1db12c8c487703cd91c28760a147039cf8ebe15d7752d76c751f0ee87e22bcbd934db8d3e5bcf0e6a5a7db6f4765220ba5bbc110923779b01f3530db40ddc8072fe20fdb4346d074fd1eea787c3f62f368569afdfd96b1e268ac6e5629d4b086ce378cfdaa5015b826253941bb2d814351f8cff12e5d5f5d3a5c5a34da647e37d2f4bb2793502a7ec33c10bb4647d8dbef798a4b64b2f98c01c22eef40d1ff0067dfb17867c3d67178b35ef0e5fdae8967a36a72787ae218d7508e04c2867921778c82d20124262930ff007b85dba7abfc05d2f54bdd6ae62d7f5cd3db53d46cb560b6ef6ee2d6eed9515268ccb0bb12cb1a2b090ba9c6405249201c3f85fe326bf0c967a0f873c3afe23d4afeef5eb9f3bc45e22689205b4bef2caf9ab6cedb0f99845087600aa491961b0bfb446a3af687a4dff85bc2516ab34de1e5f12ea16b7faafd91ad6ddb21638d962904b2b3248006f2d70992c338aeb3c35f05344f0b6b769aa5addea12dcdb2ea4aab3c91953f6db85b89b2020e8ea02f3c0ce771e6bcd3e20fc20d4fc2da4e8ba3782f47f14ea296fa049a17f68693aa69d019e2cfcb0df7da55584793bbcdb6fde8cb800646403d0fc41f1826d1be12683e34b7d08dfcfab1d3563d316ec4655aee48900f30ae0edf373c819c76cd72b6ff00b41789edb547b6d5fc0fa7d9c3a7f882dbc3bab4f69afb4fe54d702230496ca6d50cc9fbf8f7eff24a9ced0e066bb88fe15da5ff00c34f0cf84f53b99b668eba7399ad1802f2da346ebcb29f94b4633c03827a1e6997ff0006344d467d5a592eafd5b52d76cfc413049130b716c2111aafc9c21f21320e4f2d8238c0073961f1eef2eb59b0965f0dc51784b55d42ef49d33564d44b5ccb736e2524cb6de5011c4ff679b6bacae78525577718177fb524fa5780bc29e20d634af0d786ee7c547cdd2a2d77c542ced16dc422467b9b96b6fddbe4ed58e3494b654e47cdb7b5b2f80ba359f88a3d43fb5b579b4cb7bab9bfb2d024921fb0d95d5c0712cf1e2212963e6ca42c923a2991b6a8e3161fe0b69f07843c2ba2697ae6b1a1dcf86615834dd66c9e06bc8d3cbf2d9584b0bc4e1d7860d191900800804004be12f8cba278abe123fc40478d34982dae2e2e7ecd3a5c22180baca1245f9645cc6db5870c3078cd7975c7c67f14685e391aef8a7417d234c1e1392fad348d3b566bb8eee47ba8122560d1c4127cc8a87e560bbc61d8671ee1a5f832d2cbc1e7c397d757dafda4904905ccfabdc19e7ba0f9f30c8dc75dc7850aaa3850a000382b2fd9b74554ba8f57f11788bc4b0cba536890c7aa5c41fe8b69bd1d16368a18d8b2346a56472ce4fde66c0c0067eaff001ff5df0d5a6a963ab7832d478bac6fb4bb5feccb0d64cd6b3477d37950cab72f04646d60fb95a2046ce09041aa7ad7ed3fff00089e8b7e9e24d3342f0ff896d75c1a0f95a8788843a4994dbadc890df4902b2a7947bc1bb7fca14e7757556df0134b78679355d7f5cf106ad71a8586a13eb1a83dbadcc86ce4125bc388a18e258c306c85404ef624e4e6adea9f0534abfbad5efadb55d574ad5eff00554d662d4acde133595c2dbadbe611244e854c4a54ac8ae0ef6f6c005df841f142c3e2ef83535cb16b3252e25b3b81a75f25edb09a26dafe4cea009633c157c29208caa9c81c3fc44f1bf8afc2df196e1740d3935db6b7f08c9a84da75f6acf656abb2e4ee71b639732951b57e4c1e41651d7d0b41f086a5e1a8b47b583c47a9ead04334f36a373ac4c935c5e9756c671185401c8216211a285c05c1e24d5be1e69dacf896f75c9a7ba5bbbad1df44748dd44620672e5802a4efc9eb9c7b500784f8afe33f88a7f16595f783a39c7f6a37865e6b7d5f54d96c96d76f71948e116f288e46da15dc3648da46367cd6f45f8a7e29b8f15c3ff092c6cab6de32d5b4fb18f49d58ac4f0436334823b84fb32798a368da339dc4313f200ddecffb39680d6d1a5beadacd95c436fa54105dc3240d243fd9eced03a878590b1f31836e520f60b5687c05d1bfe12097546d5f579036ab71ac4764cf07930dc4f6cf6f36d222de5595cb6198e180c617e5a00e3746fda82fe3d0ed359f1478363d174ed4bc332f89b4e5b0d5bedb3c91c622dd0ca8618d639099e30bb5a40727257a576bf0ff00e26788bc41e37d53c2be26f0b59f87f51b2d32d75412e9fab9bf86549a4950202d042c197ca39cae3278c8193475ef811a2c7e0fb2b2b7b5bcd74e8de18b9f0eda69d7178900bc8244881124823f9643e4200e300124e3a6323e05f81bc49a7f8d7c41e27f1145e2280dce9b67a5403c55776135f4a2179a4672b61fe8e883ce555c7ccdb58b0ce0900ea53e2eeed7468a74823551afbe8f243f68f9521580dcfda8b6ce861c1db8fbc76eeef5cc5a7ed157af6f6faaddf85a283c39abd8df5ee837b16a6649eec5b46d2edb884c2041e622b3295794607cdb4902b734af87f35efc7fd63c6d71a75d69d6d6fa4c7a4db99ae51a3be90b977b85891db6855d918670ae70c36ed0a59da47ecfda0e99a88926d4b56d5349b786eadf4ed0ef2487ec7a6a5c022610ec89646ca9650657936ab10bb41a00caf167ed0dff0008be85fda5ff0008f35e7fc522fe2af252f02b1da631f6704a6327ccfbe71d3a73c5bf8bde35f1af86be02eb9e23b1b0d334bf155bc22548135069e0854c806ef31adbe66d873b4c78ce46ec7cd5520fd98f473a35d69da8f8a7c4dad473686fe1d8e5be9ad77dbd93142113cbb74059760c3b866393b8b6063d13c69e0cb2f1d783753f0d5fcb710d95fdb9b779ad9956541d994b02370201190471c8238a00f2ff0088bfb473fc36f11e99a46a167e1b69e44b2375672789d1352633c8232d6966212f3a21249790c208071d0e2e5e7c77d5e087c4d7317852d65b6d3b5b1e1cd3b7eaccb2dfdfb4a91a6e51011143fbc0ccfb9d976b611b009b3af7ece7a7788efafe7bbf16789562d496c9b50b5826b58e3bbb8b52a62b87c5bee0ff00228654658980e63a97c75f0b61b4f007896d348b0d535bbcd47585d744567796f05e4373e746fe65abccbe56f8ca074497e562bb59b04d0072dac7ed492f84ed758b5f13e8da1786f5eb2d6a2d0e21a9789561d2e591ed16e8cad78f0298e308580cc4589006d19e2a69bfb446b5e36f107c3dbcf0ddb6977ba1decbab5beb5069daa2de0966b58c122d6548089d7f89183465f700c17902f7c3af827aa6a7a7788754f10de788bc3faf6a1ae47ab585fdcdd594dab5a3476b1db7992794925a067559331a2bc615c700f4eda4f82d6b3a78764b8f14f896eb52d1ae2e67fed39af236b9bb170a5668e43e5ed8d0823020588a6d1b0a7700a1f047e378f8c1fda20c1a1c0f6b1c5298b47d797509adf7ee061bb85a28a5b69d4ae191908ce4072410333e217ed1717807e2359f86e4b6d0278a5bbb3b492093c471a6aedf6891504b0e9eb1396894bae5a49233c3100800b75de0cf8551f853c412eb77be23d6bc53aa7d8c69f6f73ad7d98bdb5b07dfe5ab430445f2c012d297738fbdc9ce2ebffb3de93e20f12ea7aa3f8875fb4b5d4751b4d5ee348b59a016ad796c62f2e6cb4265e4408a53ccd8464ed0d860019765f1eb599fc471a5c7846dadfc32fe2597c2e3531abefba370a582ca2dfc80be512b824ca181ce158004e227c53f13f8dbc7ff000cef6df4afec7f066a5acdf476b776faabbcb7f1476b7417ed36fe522c6acc8b2200f2f404ec2003e8e9f073454b78611757fb62f11378994991326e4bb3143f27fabcb1e3affb5595a27c01d2b41f13e95aa41afebb25868f7b717da66852cb01b2b292749165098844a54f9ae42bc8db7a2ed5f96802bfc4cf8cdacf82bc43ab697a47856df5c5d2b42fedfbbb8b9d57ec80401dd5e3402190b49842541c29e4164e09c0d4bf69e6f0b59ebf3f89f40b2d0d6d6c74fd474e924d694c33c57b33c300b995e245b660ebf3e3cc550490cf8c1f46f11fc2ed2bc4faaeb9a85d5c5e4736afa29d067585d02ac059db72654e1f3237272381c5666a7f03741d565b99a5bad4639e5d2ecb4b8e68a5456b71692bcb04f19d9c4aaefbb272a7680571904038083f6bfd04f82b50d4e6b9f0ab6a969aac3a46fb4f14c5368ad2cb1996373a8f94bb23081b7662dc190a856ca930691fb436b3f107c4df0fd7c323429b4bbbd56ff4cd74e9fad2de5bb3c36de629b69d6dc8953690e1bf744901580e71e8cdf06d2eb419acf50f18789b54d58dea6a16fafdd4f6ff006bb399176a18234856dd005dc0a8876b6e6de18926963f837093e1eb8b9f15788f50d5b47d425d45754bc9e0926b83221492274f27ca488a1dbb6148f6e32a4124900f27f0d7ed13ae693e092da578524d7ecb43f0e45e20d46fb5cf119fb5340d25c0645616cde74a04048dde5a9ce0b2e067b2f1bfed03a9e829e21bed0bc2706bba2f87a0b67d4ee2e355fb24e924e8aea9145e4babed49236725d701be50e78ad6d2ff00674f0de93e1ed6f4786f7556b5d5b424f0fceef2c65d6dd4ce432911e03ffa43f2411c2f1d73c0fc5df84de20d7b5bd4f45f0fe8fe21834ed6adec6d6eb50b4d4ec134b9c4440f36ed2402e9648d57016dc1590040fc64000f6cf15f8cbfe115b8f0ef9d69e6596a9a8269f35d79bb45ab3a318d88c7cc19d563ea305c75e95c2b7c70d6758834883c33e13b6d4f57d4edaf3538adb50d55ace116104c23494ca20908925de8cb1ecc60b65c6de76fe3d784afbc75f0b356f0c6996775717baa2a5ac3756b711c0d60fb814bb2ecca4089943fc819f20614d3bc41f066c356b3d0934dd6f57f0b5f68f62da5dbea3a3341e79b46540f0b79f14a84131c6776d0e0ae55864e40398b7fda5ad352f0af8a35fb0d0e596cf47f0cda7892249ee446f702759dbc960158215f231b81607774e39ea3c0ff0012b56f1b78cfc45a647a05b59e8ba24c96b2ea326a25a7966782199424021c6dc4a41632020a8c29c9db81adfecc5e1cd4ad64b1d3f59d77c3ba4dc6891787ef74dd2e787cabcb58c48221234b1492075f35fe6475273f36e1c5779e12f02587836fb5ebab29ae659359ba4bcb813b290aeb047080985181b6253ce79279c70003c76d3e2d789bc21e39f899713e8d2eb7e11d2fc416b05dde4da9b2cb6314b6b6a3fd16dcc6c2455672ee37c780c4a87624576c9f1b03d9dbce746c097c5ade16c7dabeee1d93cfcecff673b3dfef526adfb3f693ac788b57d466f106be9a7eb3a8c3a96a9a1473c1f62bd9224896357cc464541e4a12a922efe43ee5c28737c02d2cf89db551e20d796c46b4be208f43596dc59457a3ef48bfb9f3486f9894690ae589001c1001c35dfc5ff117897c65f0ef58feccfec4f02ddeaba8186fadf557792fa086ceeb06e6dfca4545631891007978504ec6001bd07ed397da5c563a9f8a3c230e8be1cd4740bdf125a5fdbeaff68985ac022609344d0c6239596653b43baaf4de6ba6d37f67bd2749d7b4fd422d735bb9d3b4abab9bcd37c3d71341f60b479d244955710f9a50f9ce40791b6670bb57e53e75f0e7e09eadab789eca2f12689e22d3bc2da5e837ba2a69fe20d52c6e2358ee1a102ded0d9e19a18d213896e36cc7727a1c0054d7bf6aed4bc49f0ffc5bff0008acbe1393c57a5c1677d13e87e278f56b55b796e16360f22db7c9329c83198cae194ab9ede87a57c7b9af3e2d9f045e69da269f7292fd9dede7d7c47a9bb793e619e1b39614f3edb39512c72163827cb186034e6f8191ea7e19d7745d6bc6be2ad7e3d52da3b54b8bfb9b70d6491b6f430c714091170d825e48dd9b680c58715664f8331deebf617fa978bbc47ac58d9ddc7a8a68f7ef6b25a9bb45c2cdbbc81327cdf3796922c609202053b6800fd9ff0055bdd67e17d8ddea1793df5d35e5f2b4f732b48e42ddccaa0b3127014003d0002bd16b2fc35e1fb7f0be911e9d6cdbe14792407c98a1e5dd9cfcb12227563c85c9ea492493a94005145140051451400514514005145140051451400514514005145140051451400514514005145140051451400514514005145140051451400514514005145140051451400514514005145140051451400514514005145140051451400514514005145140051451400514514005145140051451400514514005145140051451400514514005145140051451400514514005145140051451400514514005145140051451400514514005145140051451400514514005145140051451400514514005145140051451400514514005145140051451400514514005145140051451400514514005145140051451400514514005145140051451400514514005145140051451400514514018de349e5b5f076bb34323c3347613ba491b1565611b10411d083debe7bf82ff001bbc5373f0d3e1c787349d1c78cbc60fe0eb5d7b56bad7f5a7b3c46c022932f9333c933b06e1940c0c9719af57f893f0434cf88daf59eb9fdb7acf86f5882c27d29ef7459200f3d9cc54c90389a2954025410ca15c738619aabab7ecfda2c9369171e1dd6359f03dde9ba50d0d2e340920dd2d88c1581d6e22954852321c00e09386e6803c6f50f8ff00e20f137c57f087893c11612ea9a35ff816f7569740d5b576b0811a3b950ecfe5a4ca665dac830a41c9f9c0e6ba7b9fdadafb55b3b7b9f0af82e2d5a297c171f8d376a5abfd8b6c0588683e58253bc05e0e304f076f5aef74cfd9d7c25a1ea5a5dd699f6eb08b4df0ecde19b6b48e70f18b595c3b392eaced2e46771639c9c826b3bc3dfb2f7857c35a7c3676ba86b12451784d7c1c0cd3444fd8c124487110fdefcc7e6fbbfecd0075579f12f4b9be0dbf8ee5bf1a0e93368bfda82f2e5777d951a1de199403b8ae47001c9e31cd7cb7fb0afc56d7759f116a361e37f135de9baacb6b058c5e19f11ea5773ea17d78aad33ea091dd00608e58994ac517c9f29381815f544bf097c3f79f09e3f8757f14fa8f86d74c4d25967976cd242881149740b87f941dca0608c8c5703a27ec99a1e99f14f45f88b7de2ef156bde2dd2614b4b7bebf9ad1035aaa489f677486da35643e6162c46fcaafcf8c8201c87ed4df16bc5df0bbe2ff00c39ff844f48d5fc53797da66ae9178774f99960bab809179524eb90bb23cb36e2091ce319cd37e1e7c5b3e01fd9e740f1b26bb71f10b5cf15de09679b5ed55ece38ee5cb192de1b70b3488232ad1adb5ac32c8cc07ca72587bb6b5f0db4cd77e22786fc673cf769aa6836f756d6d0c6ea2075b8081cb82a5891b0630c3be735e752fec8de168351b8bed1f5df117876e4ebefe25b23a74f6e534dbc921314de424b03a8490312cae1c64e576d0070d65f1f6ff00e2aebbf02b5eb08f50f0e5b6a5ad6b363a9e90b75208e57b682542ae0ac65d43c7b94491ab0eeaa462b7bc27fb5c4fa8697e0fd7bc49e108fc3fe19f148bc8ac6f6db553793c73dba4b214962f2102aba43215657624800aae6ba9f0c7ecbfe19f07daf8563b1d4b5ab96f0cea3a86ab646f2e6391a59af038944ade582cb99188e41cf526b8ff00805fb2ff00f647817c187c78fa9dc6a1a2457a21f0ddddd413d8d9cb70d22c92a98d4bb3344e54032b22873b554f400abe05fdb8f45f18457ee34bb0b897fe11fb9f11d858683ae47a9de3430e0b417712c6bf66b8dac87cbdd20e5fe63b0e79bf137ed497bf173f65ef895e21d09ac746bcd374f827b5bff0c788fed522991c655818e0b8b6954ab291244a08e5598671edde0efd9fac3c1ba6cfa5c3e2ff00185e68c34e3a55869b2eade445a65b12481035ba44e5d46d55965692450a0071939c39bf64cf0d6a7a6f8c22d6b5ed7b5dd57c536106997fae5d9b38ef7ecf0b0645061b68d18e40cbc88ee70016c000006d7c26f8b9a9f8b3c5baef837c45a141a2ebfa2d8d95f96b3d49afa19edee15f631768622b2031b865dac3a619b35eab5e4de2ef80f1dfdcf8c758f0feb9aae91e25f1169365a39bb86f3c85b58eddd8a491b226f0f891f3f37cd80014c961ead0c6628510b172aa17731c93ef400fa28a2800a28a2800a28a2800a28a2800a28a2800a28a2800a28a2800a28a2800a28a2800a28a2800a28a2800a28a2800a28a2800a28a2800a28a2800a28a2800a28a2800a28a2800a28a2800a28a2800a28a2800a28a2800a28a2800a28a2800a28a2800a28a2800a28a2800a28a2800a28a2800a28a2800a28a2800a28a2800a28a2800a28a2800a28a2800a28a2800a28a2800a28a2800a28a2800a28a280386f157c4eff8467e287827c1ff00d9bf69ff0084963bd7fb6f9fb3ecdf678d5f1b369dfbb763ef0c63bd6ef8bbc75e1af0069f1dff008a3c43a5786ec649044973abdec56b133904850d23004e0138ebc1af30f8cba0f89a3f8c5f0cbc5da2785750f1569da1c7a9477d0699736714c8668a358c81733c2ac320e70dc62b8cf8c9e09f1e78fbc67e11f1de95e1ff0015690963a66a3a4dce836573a2ff0069a198a1593372f3da794e232ac55fcc0186011b96803debc51f12fc21e074b07f11f8ab44d012fce2d1b54d461b6173d3fd5ef61bfef0e99ea3d6b9bf8d3f1d7c3bf06bc23ad6a375a869775aed96973ea969e1e9b528edeeafd22466223539623e53f3056c60fa57cddf113f67cf888de0ed3bc2da6787350d574b5f03ff00635b7d835cb3866b6bfdcdfbbbebcdb6f34f6eaac02c71af96c57e78ba1173c71f03bc7fff0008a7c45d2ad7c167c4b73e31f0669ba65a4ff6eb441a6dcdb5bb235bcbe64838de77a3461d4bb1dc507cd401f50db7c51f0c2cde1eb1d4b5ed2749d775cb68ee2cb47bad4224ba9f7ae711c6c43498391955ed539f899e0f1addce8c7c57a18d5ed44a67d3ff00b461fb44223457977c7bb72ec57566c8e03027008af963c43fb3a78ee7f166b90bdbebf7da3f890688e4e8fa8e956d6d686d638d5c5cc97304d70a63642e9f660c1b383b4926bd034cf829accfa4fed0f63aaf87d2f21f196a523e9f0bea296cd7f6c6c61886664590c3f38900dc87079db83401edde10f1f7863e2158cd7be16f11e93e25b3824f265b8d1efa2bb8e37c03b59a36201c107079c1158df1a7e2745f07be1b6afe296b06d5ae2d4471da69a93794d797123ac70c2af86da59dd4670719e86bc17e1369ff00117e06d8f8a756d4741d4759d2666d2ac34bb6f15dce9abafcac64f2a4135e599905cc7189018fcccca70542a800b7a27ed07e02f1b7c49f167c38d37c38b6565a1e9ba9beb7a96a9a9c02ead925810fd9a26b759e2924dcee5be560014049ec401a3f69a89ff67383e292f879bed0248edaef427bdc35adc7da85b4d134be59c98dcb73b0676f419e3a0f0a7c77d2757baf88875d365e15d2fc1dabae9536a7a86a08904a0c10ca2466708b1f3305c12791d79c57866aff0002fe285bf813e2ff0083e4b2b3d7e0d6b5bb1d7f48bdd3962b0b796492789ef225824b891e2d8622ff003b90db8e092702cf883e0ffc46b4bdf1d5d58787e4bab3d53c7d6dac18ec6e2c46a13e9cb65144f25a493b848260ea4062d1c80025194906803e8f7f8afe088b43b0d69fc63a0268fa8799f63d41b54805bdcf96acd279726edafb551c9c1380a49e86ad49e32b2d47c1375e24f0dcf69e27b41692dcda3e9f74b2437651490a92a6e1c95db919c57cb3f0dbe0078df48baf870fa8f8665b58349f1feabafddc777aac57b25bda4f6d28824695a46795f7ba0272cfb864f1f357b57ecd3e03d6fc01e03d6f4af1058fd8279fc49abdec1079a92036d35dc9244c36310032b03b78233c8068038a7fdb4b4d3a9fc1bb687c3934d07c408127b9bafb5e1346de446824fddfce5a52d18cecc953df8aedfc2ffb48f85751d335ed57c47a9e8fe0dd1ac75fbad0ac6fb57d5a2853506b7215dd7ccd814ee0e3602df709cd7ce9e1cfd937c7d61e05f8c36d776a8dac453a43e035fb54447d9edaee4bdb6c10f88f32c817e72a7e4048c004da9ff67ff893a5f80bc0ba4bf86e7d5247f0eea51eb2343d42cf4fbc8b57bc944a7cebbde92fd977312eb6f21de631b9245c2d007d49f113e2ff00867e1d68525ddeeb5a48d466b19ef74cd32e3518a09752f2e3dfb610492f9e3950d8dc38a8341f8d5e17bbf09783356d7b5ad23c2d79e29b382e6c74dd47528a392579150f9516f2a6520baafcab9248e39af9bf4df81be3ff000ef865a09bc187c4936b5f0d2dbc28d64f7d68aba4de42926e494bcbb4c521917e688487747c8c60d67ebdfb37fc428ededd3fb3f5cbfb4d63c0da6786af34ed0f51d2a016d34008963b996f2298a4277ee125a877ca1f95be53401f47fed23f1a65f801f0a350f1941a03f89e6b6b8b7b78f4c8ee4dbb4cd2cab18c384739cb671b4e7a5703e24fdb1ecb4ad67e10d8e97e1b6d663f1ec76f34d70b7e221a5c733a22961e59321dece31f27fab3d3b74bfb437c35d73c65f06b48f0e6876afabea16baae8f348935c4619a2b7bb85e57677d8ac422331e013d864e2bc23c37fb2c78ff43f114d7573642f6d34ef1be9dfd8a82ee2c41a15bdc4f705f05c63e7b961b31bfe41c600a00faead7e25f842fbc5377e19b6f15e8971e23b4567b8d1e2d4616bc855402c5e10dbd40041248e3229be1ff8a1e0df16ea834dd0fc5ba16b3a89b71742cf4fd4a19e630e7024d88c4ecc90376315f2a786be0a7c4b6f8a9e13d5358f0a5e45fd95ae6b3717b7f6faa59c5a5182e239c5bb5ad945228049653249244266693e6320c95dcf87bf027c75e18d13e09469a15b58ea1e1dd175ab5d4bce9e068adee2e13f72240ac7cc567c13b370f5a00fa47c3ff137c1fe2cbed4acb43f16687acde6999fb75be9fa8c33c9698241f3551894c1047cd8e41f4a8fc31f157c15e3690c7e1df18681af482269ca699a9c172446a4067c231f9412013d0122be2eb1f805f105f48d527d7b4cbbf0527fc2babfd0afb5ad5f5ab21636f784c6c3c882de5f2ad2d3682aa2348c008c5d54e19b42f3c1fadfc67f176a9a3697a0dbf83b50d4fe120d36de47bdb79d5899d5636f32d5e4530b6182307625492557a100faff004cf8b3e07d6b43bcd6b4ef19787eff0046b3985bdcea36daa4125bc1292008de4572aac4b2e0139f987ad5387e38fc38b89228e2f881e1692496f3fb3e344d6ad897b9e3f7006fe64e47c839e4715f306adfb3e78ebc57f0fbc6cb71a1788df58d474ed1b4a8ad7c41aa68e3ed296d72b23848ac628e248e352e15e494bb0246c5c0cf49f15be0178abc4571f1d25d2fc390cefe25b4d121d25c4f6e8d726dce6519671b36e07dfc67b66803e93baf1ff85ecbc576fe17b8f126910789ae63f360d1a5be896f254e4ee584b6f61f2b72063e53e95563f8a9e0a9b5f83424f17e82fadcf2c9045a6aea701b99248f3e622c7bb7165c1dc00c8c735f34dffecf9e366f8abaea4f07882f341d67c5963e248afb4bd4b4bb6b1b758523c79ed34125ef9b198760487f76eaca37a02f8d08fe05f8c21b2631e84a974df163fe1262eb730063a7f99febf3bffb9c6cfbf8e36d007bc7c38f8cfe0ef8b375afc1e15d72d7579344bc6b2bb5825562ae07de0a0e7613b9431003146c640c9edebc87e01f84f5ef036a9f1134dd5f46b9b5b5bdf125deb163aa19a07b7bb867218045594c8acb8c307451d304f6f5ea0028a28a0028a28a0028a28a0028a28a0028a28a0028a28a0028a28a0028a28a0028a28a0028a28a0028a28a0028a28a0028a28a0028a28a0028a28a0028a28a0028a28a0028a28a0028a28a0028a28a0028a28a0028a28a0028a28a0028a28a0028a28a0028a28a0028a28a0028a28a0028a28a0028a28a0028a28a0028a28a0028a28a0028a28a0028a28a0028a28a0028a28a0028a28a0028a28a0028a28a0028a28a0028a28a0028a28a008e7822ba8248668d26864528f1c8a195948c1041ea08ed583e0ef871e13f8790dcc5e15f0be8de198ae5834e9a3e9f0da2ca4700b08d46e2327ad745450014514500145145001451450014514500145145001451450014514500145145001451450014514500145145001451450014514500145145001451450014514500145145001451450014514500145145001451450014514500145145001451450014514500145145001451450014514500145145001451450014514500145145001451450014514500145145001451450079efc41f885e21f0ff008cbc3be19f0cf87b4cd6f51d5edaeeecbeadabc9a7c30a4062046e8eda72c499871b40e0f35cfb7c79d40697159ffc2356ebe347d7cf86ce9726a856c12e843f68dc6f3c92de51870c088779621760e48b7f133e15cbf107e2a7832fae57538b42d3b4fd463b9bbd2759b8d3668e591adbca5df6f2c72b02124e012bf28cf6a3c5ff000decbc39e09b4d0f46f0169fe39f0d35e35c6afa0eab22dddddeeef984cb25e49b269849b1899dc6403870400403b1f04f88f5ad6e1bfb7f10787ffb0756b19447225bdc35d59ce19432bc170d146645c1c366352ac18631827916f8e0d0f87f5059b44f2fc656dab7f61c7e1d1744f9f74df342566318fdd3c589bccd9f2a07e09522a97c10f09eade02b7d5561f0f6afa0f85aeae6de2d27c2f7fa945793e951aa9595cb79f224711382b0c52b855036a82c506bde7c3c6b8fda174ef197f6542d6f078766b03a8929bd2633a955033bb3b0c9f3631824679c500753a6fc41f0d6a9ad6a1a241e22d1ae35ed323126a3a65b6a114b3d98c0c99101dc8391cb28ea2afd9f89b47d464b04b4d56c6e9efedcddd9ac3728e6e601b732c601f9d06f4f98647ccbcf22bc0fc2df0bbc566ffc27a0dde80fa643e179b55967f13497303c3aa0b94995444a9234d97332c9279a880347c6fe0d5af837e10f1959f88be1d9d73c2573a05af85bc2f71a15d5cdcdedaccb713e6d42bc22195d8c6c21720b85618c151c6403d8b55f88fe12d0b598348d4bc51a2e9dab4f2a411585dea10c53c9230ca22c6cc18b11c800648a86d7e29f82efbc357be22b6f17e8371e1fb17315d6ad16a70b5a5bb8c65649436c52323824751eb5e51f127e116b3e2593e2f496fa1c379278813488ac59de1cdca4054caa4b37ca14eee1b19e719a87c79e03f1b5a6b1e34d4bc3ba44eeba86bda55e45269834e7be6b78add63964b517b98165565001940f9436de769a00f6ad0bc6fe1df145bd9cfa36bfa5eaf05ec4f716b2d85e473acf1a3057742ac432ab10091900900d6859ead63a869b1ea36b796f73a7c91f9a9770caaf13275dc1c1c11ef9af95754f05f8dfc03f0b06a86d645f189f14de436ff6ebc85a5b9b6d4e4f203bbc2a1378324529455501a02000b86af7df18f85afb4ef835aaf873c276567717f068cf63a6d9dea23c0ecb16c4470e0a907007cc0a9efc668033f57f8f3e166f0aaebbe15d6348f1a5a8d56cb4b99b47d52299217b89e38b2cf1ef00a89376d38ce3a8ce6baad1fc7de18f10ebda8e89a5788f49d4f5ad378bed3acefa296e2d79c7ef63562c9cf1f3015f37d87c28f885ab5deb97fa8e9bad5c3df5cf86e485fc4177a58bb09697cf24eaeb65b20508877285cee52392c4a8d6d3be15f8d6e358d5746b0b2d63c37a24963ab5b2beaf71a6df595a35c8251b4eb88c7db9434843b2ce0285c803e54a00f7bf0c78efc35e37fb6ffc23be21d2b5ff00b0cbe45dff0065dec573f6793fb926c63b5b83c1c1e2b9db3f8cfa00f881ad784f56bfd3744bfb4bb82cec12f3508d25d49e485652228db0495de061771e878ce2b97f855e17f103f8ead35ad4bc292783ad34af0dc3a079135cdbca6f6459036f8fc891f10a05210c855cf98df22f39e57e207c37f146a7e23f8a96763e0afb7c7e33fb05ad9f883ed76cb1d9ac50aa996656904a16372593cb5762c0f0a30c403dd3fe13bf0d7fc259ff0008b7fc243a57fc24de579ffd8bf6d8bedbe5e33bfc9ddbf6e39ce31557c4be3787c2daf697697bf61b5d32e6deeae6e751bcd462b7fb32c2aa73e5b905d4ee3b98709804f515e1b69f087c6569f127ecf72fe27bfd1cf8a0f8812fa1bad1e1d2d109de0b9681afcca07ee8a03b59703cc55381d47ed27f0dbc43f105615d0f4d1a801a06b362c0cd1c7fbe9e18d624f9d87de2a467a0c724500755e25fda1be1ef86fc19acf8a078af48d5b4ad2278ed6f5f4cd46de630ccee116363e60556c9ced620e01f4ae965f88de13875dd2f4493c4fa347aceab10b8d3f4e6d422171791904878a3ddba45c2939504601f4af19f893f093c45a94be319346d0d258ae7c29a4d859c30cd0c6669edaea595e050cca14842a0162a9f301b860e323c59f0a7c6bacf8f35a9560f15be91e23d534fd54456777a2416765e52c00a5d492c32dd2c91b42587d9cc8a720065cb1a00f799fe27f836da5d5629bc5ba1452e9309b8d451f52841b3883942f302dfbb50caca4b606411d4532f7e2a782b4ef0a5b789eefc5fa0daf86ae582c1accda9c09672924801662db18920f43d8d78febdf08bc53378035a8ac60bbb1d513c6f3788921d324b2373796e272c863370af0799b76b28980194504a70c332dbe19f8aac7c371eae747f1cbebafaf5c6a693db6afa18d6ad7cc816167307949a732c814878cb39190e18b921403d9e1f8c5e13b8f88b0f82a2d5ed64d6a6d246b312a5cc455edcb6015f9f7138f9f85c6de735a1a3fc4cf07f88740bfd774af15e89a9e89605c5dea567a8c32db5b151b9bcc9158aa601c9c91815e0b7ff0008bc7bac6889a65ce9e96f77a9f81ae7417beb3fb25bc36571e7192349a253b46f42158c11c9186dfc05c66bdb7c26f1beb9a6f88f53b9b0f12c9a885d27cab2f155f68c8fa8ad9dd1b86b744d3a158d508ca2bcb26496c154519201edff000f3e2be95f13357f1241a24d67a8697a4cb6f1c1aad85ea5cc378248449b94a0da0024af0cd9c76e955adbe3678634dd19efbc5baf787bc207ed7756f1a5eebd6a51d219da10fbf70009c2e53aa336d6e4566fc1fd135887c5ff00107c43aa78565f09c5af5edadcdbdadccd6f24f26cb6489de5f2249103e571c31e02f3e9c47c3ff83fe21d27c736da9ea7a2c6b04369e2589277961728d77a8a4b00186246f881271d3a360f1401efb79ade9da7e9126ab757f6b6da5c7179ef7b34ca902c78cef2e4ed0b8e739c57329f1abe1eca6209e3cf0cb996f8e99185d62dcefbbe336e3e7e65f997e4fbdc8e39ae06ebe19ebd3fec7bff000821d2d5fc447c2eba61d38cb16d3379214c7bf76cc678ceec7bd667c42f83dad6af75f13e4d334281c6b1e1dd274ed3ca3c29e6c96f24ecf1f2c36850d191bb03a63a5007b947e24d2268ede48f54b274b9b86b48596e10896752c1a2539e5c147ca8e46c6e383506abe34f0fe85aad9697a96bba669da9deb2a5ad95dde4714d70cc485088c41624ab01807383e95e45e15f0ddfc5fb45eafa5bc113f86f4888f88ed5c499315edea792d1ecc6063c9b99339e7ed07818e7b2bef066a379f1b64f102db88f4f3e177d323d4032168e76b9de540ceefba01ce31c0e73401d3e87e3cf0d789f57d4f4ad1fc45a56adaa696fe5dfd958df4534f68d92312a2b168ce5586180e87d2ab697f13fc1dae69dabea1a778b743d42c3482cba95d5aea50c91591504b09995888f001277631835f3bf80fe0678e16da0d0f53b8f135acba57876ff00458357d46ef475b0df322a06b54b4b717522315121370d195da090ec4d755a9f857c4de2af06585aa7c341a0df68034a622e6f2c8cbaaa5a5c24ad6b018a47021210b2199e2f9ca86450598007acb7c58f0427872d7c40de32f0f8d06e9992df543aa41f6599973b824bbf6b11839c1e306b1fc6bf1bbc39e13d6b4bd0edf53d2f54f105e6a16769269116a51addc114ee144e621b9f68dc0f400e472335e73a1fc31f136adf12b48f17def869b47b39fc5b36b4fa65d4f6d24d6117f6535a2cb279723c664790038899c80e093d7116a7f0fbc58bad8d10783e4d4edd7c6f1789d3c53f6bb510adb995588d8d20984c884c781195289c31242d007b8e9be3bf0d6b3e23d43c3fa7f8874abed7b4f01af34bb6bd8a4bab61c73244ac593a8fbc07515ccd9fc6ef0eeb9f12f4ff0008683a9699afcb2c17af7b71a76a31ccd612dbb42a619634ce18f9a7862a46c3c1ede43f0ffe0cf8d74bf14691a76a7378a3ecba2cda94b16ad35de8d1e999b8594078161b7fb6c8cfe6866498a00ca49790aaeedaf855e05f1469de33f874353f03ff0061dbf84bc3b79a1dd6b0d776d225d3936c233008e5690c4fe4bbfef15181232bc93401ee92789f4784b89356b142974b62c1ae506db86c1584f3c48772e13a9dc38e6b3fc41f123c25e12d3a6d435cf14e8ba3584373f6392eb50d42182249f19f2999d800f8e76939c76af26f893f09fc45aef8ff005a9b4dd3c4da25c5a0d72de7f3e218d6a188c1026d6e465446dbbee829c91df1bc47f097c65a55b782f5cd35b5f3a8dbdb6a0757b1f0bbe94d762eaf6449e4653a92b42c8acaf19218360ae370c8a00f51bef8dfe1cd0fe21ddf8675bd4b4bd0e15b4b29ecf50bfd4a3856f65b97995618d5f1b9b10e46d625b77418e74a6f89da568faa78862f10df693e1fd3b4b9e1823bebcd5e05131787cd3bd09061206ec2bf2c14b0e2bc02cbe10f8afc2306a76b1fc3e9bc4c9aa782ad3c351493eab6321b594bdc9749d88801850491ee6862cfcaa1237c6474507c16f12c3e2bb26bbb04d4ecadbc43a2debddc92c644b1db69c61927dacdbb22503008dd9c100e33401ecd73f153c1567e1287c553f8c34183c313b048b5a9353816ca4624801662db09c82300f506a69fe24784ad63d2649bc53a2c29ab846d39a4d421517a1c8086125bf79b8b281b7392c31d6bc4b57f0178fb45b8965d1f4bbf8609fc61a96a524da19d2db508ede6882c52c4d7a1a24466dc24c012ed3c0ea0cdf08be1beb9e01bdf036b1e2ab2b7d36dbc3be18d5ad751d42e6f2074b6924bc8a604c991f298e3662f80001f36d3c5349b7641b6acf60f18f8d2e342d474cd1b48d39358f10ea6247b7b59ae7ecd02451e3cc96594239441b9546d4625994631922a7873e2425cdf6a3a4f892dadbc37ae5849024b0b5eacb6f309c9103412b2a170cc0a61911b7a91b4f04f9ef8dbe2ff0081ec7c65a278c347f1af85b5b92c6d6e34fbad321f10d8c73cb0cad1b0788c92aa17578972acca0a96e72003c278b7e217873c593ea9e2f3e27f0b5b6a3f6ad24d9787dfc4da79ba6b6b3ba3349bdc4c61591cbbed51215c2ae581242fd350cb1d4a7153a6d5d6f695f9afb5adb5add2dd79ba1e3d4c62849b8cd3b3daead6b6f7bef7f3f2b753e81f147c5bf0b784357d234cbfd5ad56f352d4469691adcc5986731f980480b82bc6c1d09cc89c7cc2b5f47f1af87bc457fa858e95af699a9dee9edb6f2dacef23964b63923122ab1287208e71d0fa57cc03e24f87ee7c44de23935df0e42afe3087571a73789f4c3702d7fb3becc5988b8f2f2ae7e650e4e01dbbb8cd1b4f15685a8596afa0da78e342d074a7d16ff4e8575af11e8f770db3ca57cb8ecae617fb5792486ddf6800ed09f28230377922e45f12696aecdabdd7451be89bdaf7b6e66b317ccf66ba6be4fcfadbe47d4fa67c42f0b6b7a6dc6a3a7789747bfd3eda5104f776b7f1491452120046756215896500139e47ad4faaf8cfc3fa12dd1d4b5dd334f168556e0dd5e471792594b287dc46d2554919ea013dabe59d7fc7be1cf185a789354875bf0b6813ff0064e9d636da4dcf89b4df36f65b5b9f3c90d14ee8ab8f910bb03c9c851d6c5d7c43f0d78afc6773ae5d6bde19d32d2e7c43a35fadadef8974c79521b78a4591dc4770eb90c5480acc48208e72047f626b77cc92df4d7a69b59f5d5683fed1e8ad7f5fc77fcf53e993e3df0c8d574ed33fe122d27fb4b52884f6567f6e8bceba8c8243c49bb2ea40272a08e0d6269df183c391685617be23d6f41f0d5ddd82c2d6e35ab7718f31d14ac81807cec3d3b823a835e4cbf177c17a278dbc491c9ab784bc5163aeea96ba843a8cde24d356dad1638e24c4a1e5326e8cc45d3cb8dc12cbca9c91c7783b5df0a69da66a297fe2cf07adcc9e10b9d2622de21b073e7c9737127960898e01578c93f77a64e47043284e179c67d1edabbef6d34b5f5babfbba68c72c7be6b45c7af5ff0083e5d1db53ea4d77c7fe17f0b5e4169acf89348d22eae23334305fdf4503c88339655660481839238e0d50f88fe35bdf06e9ba4c9a66996fabdf6a7a941a6c10dd5e35ac41a4dd8769163908036f653d6be7af18dadce99f0d3c5cb1d85af88ad758f0c6928ba85b6a16b24562c906d447064dcc1988789a3570ece791f7abbcf8d1f153c2505a787e1b7f136817daa685afdb5cdee94baed84172821deb2ae279e350ea782acc0e6b2865915529f2273bb69e9a689be9aa57b2f7adeba972c63719f3351d15beff003d1e9ae973d0bc31e3bd4ae7c4b79e1df1368f6ba1eaf15a0bf85acafcde5adc5beedacc2468a265656c065641c32904e4e35b48f883e16f105a25d697e25d2352b57b9166b3da5fc52a34e46444195882e47f0f5f6af9d7c5bf10bc35f1625f12ea1378c7c31e13dfe1e9f44d36d750f11e9cf712492babc9249e4cd2c6b19f2d107ccc7ef12a38072f4df157853c4161e28bcbff001e58db6acf6368ba749e20f13685bcdd5b48d340563b00a8115c801ddc921986c50327679429c79e51945e974a2da4defd1e9aad9bb59fcb358fe57ca9a6b5b36d7f9fe695f43ea2d5bc71e1cd06d2f2eb53f10697a75ad94cb6f753dddec712412b00551d998056219480704823d6b365f88768be32d33468c413585f6913eaebaa2dc8f28471bc4bc7182a44bbb76ec6077ce47cf1ad78cbc391e95e14d76dfe2168706bb15f5dea7ab59e81afe8ed74b35d211fbb6bc2607f28622c92a4a64a9fe1385757be1abdd02c2ce0f1c78660c683a842f1ea3e29d3a46134b7d05c2db4861f2d00754753e5a6c4c90188009aa792c6d79736b75f0bd3a5f6f56ba34d79933cc1decadd1eebfcff00e0a3eb0b2f889e15d4b443acda789b47bad204c2dcea105fc4f6e2524009e606dbbb24719cf22983e24f845b43875a1e2ad14e8d333a45a88d461fb3bb2062e164ddb4950ac4e0f014e7a57cd5e29f1058fc45b3f11f8934a874cbd8aef5af0e5b9d020d56caf25768aebefcc6de59224f333b1773f222e700604f6be38f096bbe3ed3fc4f75e22f09e936737899353934eb9f1169cf35bc71e9ef009e4d93b26f6936102366200524e7388fec68f2ddf3697bab26d689f2e8b7f3b7295fda0ef6d3eff3df7dbcb73e92d2be21785b5dd46df4fd37c4ba3ea17f716e2ee1b5b5bf8a596587b48aaac494ff00687145afc41f0b5f7f6b7d9bc4ba45c7f6467fb47cabf89bec58ce7cec37eef1b5bef63a1f4af9af48f11f842d63f0c46be35f08d83db788f5bbeb89e3f105866186e56e8452f12f24f9917032471903071c8daeada2cfe10bcd22e7c6fa7dc5e69fe17bbd16d8dff8a3404b39a491514476eb6eab2b46c630dbae1e32b8190c4b634591c24dd9c92d3ecbef6bfc3fd6fb12f31925b2fbfcbd7faf53ea6f107c71f04681e14d53c423c47a6ea9a7e992c705d1d36fa099a391d82aa1f9c00dc938241c03e95d65f788b4ad33446d66f353b3b4d21631336a13dc225b88ce30e64276ed391839c722be5df881e2af086a5278a5b4af177841e2b8f0d699636b1c5e21b08fcd9adee6491a15065014842a016c2f2067ae3b8f8aff001cbc29acf82ac1f41f1a786bfb405edadc4f6a9ad692f7b0441c33987ed1235bf9cbc60b12bc1c1ce0d734f29bfb254e12f79eada7a2b27fcbebaedb2368e3adcee528e8b4d7777f5f43d564f899e0f8b42b7d69fc57a2268d70ccb0ea2da8c22de52b9dc164ddb491b4e7078c1f4a92fbe21f85b4cd0ecb59baf12e8f6da4df10b697f35fc4905c3104811c85b6b13838c13d2be64f0578afc3506abe1dbad67c67e1997ecbe2ebfd6269afbc49a64b28865b4758a57f2a409bf7b00422fca7381b406a9341f1f7863c1b7fa4eaede20f0beb914175ae4326936de24d356444bbbbf362b85f32e16320aaed61bb7012743c8ada592c53718f336bcb7dec93e5df4dde9f819acc1b577cabe7b79eff00f04fa0349f8a76d79f08ff00e13dbbb196ded12c25d425b481c4ce150312aa48504e17be0734df0e78eb5e9a7b73e24f0f59e8fa75d5a35e43a969da9b5edbc48a0330b8768221112ad9046e53b5be61819f36f877f153c25e15f81da5e89178d7c0769e21b5b06892c2f35fb67b457c9223668e43f260e32338cf43d2b87d37c55f0feef53bbff846b51f0dfc31d3eef4ebbb7d52c9fc51a68b2be96483cb8bcab6b6b9923055802652b1b9000f9b242a8e58a52ad1f64d2527676968ba5b44fd1a524f6765a83c659537ceaf657575bff5d2eadbabec7d4b73e2cd0ece1f36e359d3e08becbf6edf25d22afd9f8fdf649ff57c8f9ba7239aab69f10bc2b7f61757d6de26d1ee2cad6e05a5c5cc57f13470cc48022760d8572481b4f3c8af94758f16dbf8e7c0dae0b67d2bccd2be1ecfa5cf6d06bb637b2348ad082e12da690f947a07201ec42e5736fc77ade9fe2d935636b67a3db5f59ff62691278606ab673dd4ed06a29bcc91c12b88e25322c43ccc302c432af00dc7238df967269df5db4ff87efb2eac4f317bc52fc75ff86fbfb1f52db78fbc317be1b97c436fe23d267d022cf99aac57d135aa60e0e650db4609c7269971f117c2969a4d96a93f89f46874cbe04dadec9a844b0dc00403e5b96c37240e09e48af9baefe22786355d5751f16af883c33621b5fb1d4d7c33278974dfb4dd476f01899d996e0c0252595947998fdca6e604e04de11f1a78463f1be81e20bdf1678474fb56d6757d524b27f11583be9eb3c289186d93152ec5599bcb2c0173c9e49cde4d68b9353d3a5bcafcbf0efe6bdde8b5296617692e5fbfcf7df6f2dfe47bf782be2a786fc7be1cd435dd2f5181b4db0b8b8b7b999e78cac46162199995880a40de09232ac0f19ac1f03fc76f0ff897c1f6be24d6356f0f787f4fd42e9e0b02fae4721971d15cb2a049b1c9894be323e635c97c22f8bfe06f0e681ace9baa78d7c2f652aeb17f3c32b7882c5d2e629ae1e5474d9312061c021c29c83c6304f9b68be39f0e784b41d124975cf0b788a66f0cdc685369b1789b4c06d25798bee6324ea8627180e54b30d8b856e7151caa329d587b392d572e8f6b5f7714b7eafb5b713c6b5184b996cefeb7f5bfcbe7b1f564fe2dd0ed75c83459b5ad3e1d62e0661d3e4ba8d6e2418272b193b8f0ac781d01f4ae475ff883e248bc71a97877c3de1dd2b52feced3e0bf9ee753d664b2c895a550aaa96b2e71e51c9247515e65f09bc6be08f0578a2ee5d4be217842e117c3ba4696ba8aebf68de7cb6e2612819937800ba9f980ce7d8e313c79e3ef85ba87c5ad535ad62cbc27f10b4bb8d26d6d6d65fed7d125f2254927320c5d5d465721d3950738f6a8a59672d7943d9ca6946ff000bb3775b5f956dd1caff009153c6735352e75177eeb6fc7f047d09e0df887a578bfc37a5eaa268f4f92f74f5d48d95ccc8268a13c17619fb80e46ffba7d6accde3ff000c5bea3a669f2f893488eff544596c2d5efa212dda37dd6897765c1ec5739af982cbe22697e1b4d3269bc59e1bf11dd5e7862e7469fc9f15e9e5ac6579cc912cb24d3a991151f6174dedfbbced39155e7f1b683a65a6890695e2bd12df526d334ab7ba953c4ba2dd6972c96fb722f20b87f313cb21b0d6a4920839c8006af24e69bb7324ef6d1f9f757b2d15ed77e7b90b31b455ed7d2fafa79d8fa422f8b1a069d6d7b2f89357d13c3421bdb8b58bed7ac5b912a44e137e770da4965ca1e54b007935b5ac78ebc37e1eb6d3ee355f10e95a6c1a8102ce5bcbd8a25b9240204659807c820fcb9ea2be6df0878afc1f61f1306afa878c3c1e2c925d79d276f1058b6dfb4cf0b424012923722c9db8190719e7954f1068ba2786fc3213c75a74acbe165d0eef4cd0fc45a06e8a40ccccb235e174f29c3005a224fc832adc61ff0062c27349732ffb75db6d969e5addfdc2fed09462dbb3f9f9f5d7f23ebfbbf1a787ac3c436da05d6bba65b6bb74bbe0d2e6bc8d6e665e794889dcc3e56e40ec7d28d3bc67e1fd635bbdd1ac35dd32f758b2cfdab4fb7bc8e4b88307077c60965e481c81d6be5db9f1b787346d634eb7d1bc65a3a9274bfb4dccde29d1b50d2ee3ece235692e567d9709322a101ad946e2b1b70721757c17f12fc2fa2fc46b530f8c344d3bc3f6f737d34d16a7e23d1ef6ca31312dbac65571788cee4332ca02005d40e12b0964ad53728f337cb7f85eff00737af45bfa1a2cc13924edbdb7ff0083f7f43ddbc5be37bfd33c4161e1dd0348875ad7aea07bc68eeef0da5b5bdba10a5e4956391812cc155551b2739c004d2e9ff116d6cfc3336abe2e487c14d6b706d2ebfb56e963b6120380629dc22c91b64156c027382158151e63e2af8cde0bd03e20da78bf48f16f867c4504ba71d2efb4eb4f115845720093cc8a58fce9923600975605d4e18119c62b1b5af8dfa2ea3aaf867c597be22f095e7f665edd3a7872cbc47a7fdae282583cb8dd9e4b9585a653bb70570a16460a5c8cb4432ca952105ec9a4d6aed252e6f7af1b356e8926d24b7bbbd8a963231949f3af4d2d6d35d1dfbecefd2dd4f74d67e23784fc3b696b75ab78a346d32daea213dbcd79a8450a4d19c61d1998065f99791c723d6b9bf11fc6fd0b4ad6755d0f4f9acf51d76c6c2df5216d2ea56f6d14b14b26c18919b820618e4630e983f30af14f01f88fc1da26b1e1cb9d43c65e0c58edb44d5e2655f10593ad94b757693476ebfbce76a6e4ca8dbf2919c119e5ff00e120d0ed7c251694be26f0bcb3dc78474ad319a3f1369a120b9b6b969248df3700f2afc150ca70791c67b6964d494ed2527f2696ff00e1e896baeb7d3a5f9e7984dc6eacbe7aedebdffe09f5ca7c41f0b49e205d093c4ba3b6b8cec8ba62dfc46e4b2e770116edd9183918e306ad3f8ab4836b14d0ea963309e4920b7c5d2013cd186df1a9ce0b2ec7c81c8dad9e86be6c6f16f8305bde94f18783c5c4de3e8f5cdc3c416219ad15d3f7a4f9bd941f94fcd8e31595a57c41d062b9f0f68d2f883c3315a68de22d4f5193556f13e9a609e09d6ecc463517064ce6740c191707a64648e6fec5e6578f369bde3e5e9decadbfe9aff685b476fbff00e0ff00c03ddfc1ff001d3c39e25d523d1aeaf6c34cd7869f697f35a8d4ade7894dc1dab1472a3fef181d832060f991e33b8577f6fa85add5c5cc105cc334f6cc1278a3903344c54300c072a4a90707b106be56f86969a7f896c2f3c3f67ace8fa85d49e07b180cfa5eb367746c2ead1e46dd22c7317c2bcb110eaac9c72c0e33ec1fb3f6bd07883c273dfdd4f64be27d4a51abeada75b5d2cb2d9fda1435bac807cca0c2b1edc8190322b0cc32fa5414e74eead6d3d6faed74b4ebd6dabbebae17153abcb19db5bebe96d3d75fcfb1ea3451457ce9ea85145140051451400514514005145140051451400514514005145140142fb41d3354bfd3efaf34eb4bbbdd3dda4b3b99e05792d99976b346c46509524123191c55fa28a0028a28a0028a28a0028a28a0028a28a0028a28a0028a28a0028a28a0028a28a00a1a6683a668b35f4ba7e9d69612df4e6eaededa058dae262003248540dcc400371c9e055fa28a0028a28a0028a28a0028a28a0028a28a0028a28a0028a28a0028a28a0028a28a0028a28a0028a28a00c4d4bc0de1bd675cb4d6b50f0fe977dacd9e3ecda8dcd94725c418248d9232965c1248c1ea6b6e8a2ae539492526ddb6d76f4edf225452bb4b70a28a2a0a0a28a2802b5fe9967aa451c77b6905e471ca93224f1870b2230647008e1948041ea08c8ab34514eeed615ba85145148614514500145145001451450056d474eb4d5ec67b2beb586f6ce74292dbdc46248e453d4329c823d8d25f69765a9dba41796905dc08e92ac53c4aeaae8c191802300ab0041ec4022ad5154a525b31593dd0514515230a28a2800a28a2800a28a2800a28a2800a28a2800a28a2800a28a2800a28a2802a6ada4586bda74fa7ea7656fa8d84e36cb6b7712cb148339c32b0208c81d6aca22c68aaaa15546028180053a8a7776b5f41595ee145145218514514005145140051451401e6ff001a7e21f8abe196812ebba3786747d7f4bb544375f6fd725b19d59a4545088b6932b0f98124b2f7e0d51bef8dafe06d7348d33e22c1e1ef07aded95ddecba88f10799656e229608d14cb3c10659ccfdc0c15006ecf1b7f1c7c33a978c3e16eb7a46916df6bd46e7c8f2a1f315376d9e363cb10070a4f27b553f14782afb57f8d3e18f102e9f1dc69ba7e87a95a3dcbb26629a67b7d8a013bbe65490640c63209e7900e9b5df88be14f0bdae9973acf89f46d22df54654b09aff00508a04bb6600a888b300e482080b9ce455cf15788ed3c21e1ad535bbe62b67a7db49732e06495552703d49c607b9af970fc15f1ee83e14f082c369e22764f08a787af749f0e4da2978640ccccb2b6a11c89e4b86019a12586c195718c7af78bbe1d6bdaef80bc15e08b5bbbed3ace36b61ab6af04f6d713c11db461d1419a2db2b3cc91024c3b4a87caae40a0092dbe3a349f0dacfc4b3e846db52fed98343bfd21aeb26cee1eed2ddc799e58dc177871f28dc08e99cd5fd17e3b7860f82a2f1278a756d27c156736a579a6c4dac6a71431c8f05c4b17caf26c04b088bed1c819eb8cd79af88fe0df8db4bd5b55b0b2bfd4fc69a56afa9e8fadcba96a6f6104b05cdb5e422752b0c702906de38d86109cc4c09248072ee3e1bfc4ad2b47d0ec34fd32feda269b5e171368d2e95f6a88dcdf192012cb76afb2d9e3397fb3e65042f1918001ef9adfc55f04f866ead6db58f18681a4dc5d88cdbc37da9c10bcc24cf97b03302dbb6b6dc75c1c74a97c6de313e0c87469dec8dd5b5f6a96fa6cd209421b71336c493183b87985171c7decf6c1f9ff49f81fe298fc05e27b2b9f0fc6353bbf86961e1cb7579e0666bc8e2b81241bb79006e78be62429e0e7838f6df1a784aefc41f096eb458a2cea8b611b5bc7b80c5d4415e2e7207fac45e738fc280321be385b5bebbe3eb3bad2de0b2f0b59b5e477a27045fac71ee9c2aed1b4c6c550f27961d2b7343f8abe1ebebed2343d4f5bd174af1a5f5a4574de193aac525e465a3de5563255dc019f9820c804d79a6a7f093c41a9f863c16c2c162d5aeaee61e228da68f315ade4c2e6e9370621b0e88985dd91d38e6b1b5cf017c45d5fe2b453be9ba80d06d3c5f6dab22db49a5c1a64b66a8104c02a8bc92e57a389582e07cbbb0ab401ea7e23f8dde1dd1fc6fa1f84ec752d3358d7af7535d3af74eb7d463375a706b7966124b08dcc01f2c00182fdf073d8f4da1f8f3c35e27d5f53d2b47f11695ab6a9a5bf977f65637d14d3da3648c4a8ac5a3395618603a1f4af06b5f869e2f4d63c29a149e11768b44f15ea1ac49e2e3776c62782e52ec89235f33cef373711abab46abf292a5801527c0af853e2ff000af8afc349e205f12c90786b4cb8d3d6f751bad1974f94bec18b54b4b7173223940ffe90d19520643b13401e9d7bf17934ff008df65f0fa7d2cac579a60bd8b56fb470662d2e2031edea52195836efe0231deb3bc11f1eacbc4fe22f88b6ba9d943e1bd13c213aa7f6ddf5fa086ea1c3879db214448af148bcb1c85cf1583f177e1f78bf53f14f887c4be17d3e1b9d62cf4dd326d14dc4d1a24f7704f72d242493940d14db771007ef3af06b9abcf843e35f08e8be26b7d02c1b5299ed7408a1b8536725c5c9b7919aee4856eb3109c6e2e8660177107b64007b52fc5ef023786e2f112f8d7c3a7c3f33bc51eaa35583ecaee8097512efda4a8562403c0539e953dffc51f06697e15b5f13def8bb42b3f0d5d102df599f52852ce62738d9316d8d9c1c60f635e15e09f845e31ff848f49d475dd2af2e563f1bbebd25c6b1736525c8b73a579292c82df6c6241280a5625c291f2e540632dc7c3ef883a069fa643a4e97a85ac67c4faddedc4da09d29afe186e2791ade456bd0f1a44c1ff781079b82b81c30a00f73d5fe25f843c3f61a4df6a9e2bd134db2d5caae9d7379a8c31477a5802a21666024c8208db9ce4525ff00c4cf08696da22def8af44b36d736ff006509f51850ea1bb1b7c8cb7ef73b971b33f787ad7ce9a2f85b5ff867e1bf0faeb5e1f8759bc87c1377a4ea1a6ff69d993a6feff7b5cc8659177db38c07745661b13e439206243f08bc69a978234196c21f12df69daff0081f4ad225b3d0ee34682389a389f725d3dfc3248911f38306b70ec087f9090b900fa92ff00e2878374ad71345bdf16e8567acbbbc69a75c6a50a5c332a07651196dc484656231c0607a1a6c7f157c1537845fc571f8c3407f0ba36c6d6d75380d92b6edb833eed80ee20633d78af1bd5fe0aebb7961e3289b458af26d4bc5da26a314934d0bb5cdadb0b2f3246638ced314c70c149c1c2fcc335bc5ff08fc6675ad635bd2e3d56d7c8f19beb5043a0cba71bdb9b77d3a3b7f36117aaf0075937f12ec3b779073b7201ed9acfc58f0478774ab2d4f56f19787f4cd36f611716b7979aa410c371112a0491bb300cb97419048f987a8aab6df17fc2b79f122dfc0f6faadb4faedc6943588638ee22612c05b03680fb8923e6e171b79cd7957c31f841af68de28f09ea9a96937821b6b0d71a66d5eeeca7b9b69eeee619115becd1c712b3a894958559172cbbdb209b9f057e1e789fc07ad7807fb4b41952dedfc18ba2de4d0dc5bb258dcc730936b8f332c18700c61c641ce060900ef3c51f1135e5f174fe18f06f872cbc41aad95ac779a84baaea8da7da5b248584482448277795b631dbb0285192c0900dd8fe2c683a5f83f4ed7fc5b77078092ee436ed6fe26b88ec9a39c160620d23057e558a952432e18641ae7f58b3f11fc3ef893ae789348f0b5ef8c74af105adb25c5ae95736b15ddadcc01d4311733428d132328c87dc197ee90c48c3f11691e3a8f5ed03c5fa978521f155e0d2751d2ee342d16e204fb21b8963789b75d4b1a38d9108e560724e0a215245007a66b9f12fc21e18bdb7b3d67c57a26937972d12436f7da8c30c92b49bbca0aacc092fb1b681d769c6706a3b4f8a5e0bd42cafaf2d7c5da0dcda585d0b1bb9e1d4e178edee09c086460d84909206d3839ed5e0117ecf9e27b1f0278bb469f4bb6d52fee7e1dd97872d6759622b3dcc62e7cc854b904202f172c154f1e9c57f8ebe03d534cb9d4f516d020bdd36f6efc21696d6af24412ea5b7bf7f322c678c078c02d85391ce01c007d0e9f14bc1727840f8b13c5da0b78583153ae0d4e13640eed98f3f76cceef97af5e3ad32fbe2d781f4bd06cb5cbcf19f87ed345bd8ccb6ba94faa4096d70808059242fb5802402413d47ad78a6b9e13f88574756f13693e16d43409356f12c17d2e9762fa4cdad5b5bc5666037119b9692c966770b9f9d8f95fc4189516be137c23f14689ac7812eb5fd24b3e937be22b8b9b8b9b9827743753ee864ca60167566cec518c90428e2803dd60f1868375692dd43ade9d35ac36897f24f1ddc6c896ce18a4c581c08d82b10e78214e0f06b522952789248dd648dc06575390c0f420d7ca573f0dbc41e19d03e19787df4f8a0b8d7e49fc37ae599b85cad97da1ef3782990d88e395300f02e0f3c60fd5e1428000000e001da80168a28a0028a28a0028a28a0028a28a0028a28a0028a28a0028a28a0028a28a0028a28a0028a28a0028a28a0028a28a0028a28a0028a28a0028a28a0028a28a0028a28a0028a28a0028a28a0028a28a0028a28a0028a28a0028a28a0028a28a0028a28a0028a28a0028a28a0028a28a0028a28a0028a28a0028a28a0028a28a00a92eab656fa8dbe9f2de5bc77f728f2c16af2a896544dbbd9573960bb97240e370cf5156ebcb7c57ff002717f0f7fec09acffe8765591f16fc55e211e2dd574ad33c532f832d346f0dc9afaddc76f6d28bd915d94c7279f1b810a0452e13639f3570e2803da6aa6a5aad968d6bf69d42f2dec6db7a45e75ccab1a6f76088b962065999540ee4803ad7cc9acfc4ef1eea9a678c3c536fe26b8d061d034cd1b52874086c2d9e1924b885649e299e589a52873801191873f3760cf8bfae6b7e2c4f155c5d78adf4ad3b42f16e89a5c5e1c36f6e609d1ae2ca512bb98fcef35da53b0ac8136a80509dc6803ea9a2be78d2fe23f8aa5f12685adcde2291ad757f155f78724f09c96d6e21b7861f3c2ca8e2313f9c040b23169190ac8df22f0447f08bc69e35bad4fe19df6b7e2eb9d76dfc5d6b7ed75a7cf636b0c16c615df1b42628964dd8186deeca724855e3001f45d739e1df893e11f17eafa8695a178a745d6b54d3895bdb1d3b5086e27b621b6912223164c3023e603918ac2f8fbfda3ff0a6bc5dfd95e7fdafec2d9fb2e7cdf2b23cdd9b79dde5efc639cd72df12ff00b0bfb37e137fc22ff61fb67f6d58ff00607d8b663ec5b7fd27cadbff002cbecbbf38e31b7da803da68af987c39e31f1d5ec9e18d46fbc6f79736de22f10eb3a149a6ae9f6490dac10fdb7c9922610f99e72fd9d065dd908ce63cf35c6689e38f10782be0078134dd17c4de2637f69e119b5d9e5d3adb4751144b8119b896f02af90872bb618da52392dfde00fb2352d4ad346b0b8bebfba82c6cadd0cb35cdcc8238e240325998900003b9a9d1d64457460c8c32194e411eb5f2d78d3c77e2bf12787fc79792eba20d374cf01d8eaeba3ae9d6935b5cdcdcc17264f3bce89cb4798d084040c8e4b02456c7887e24f8aed2f35dd6ed7c42fa65b786f58d2b488bc342d6d8dbea71dc2dbee7919a333076370c23f2a4550621956f98100fa1754d52cb44d3ae750d46ee0b0b0b68da59eeaea558e28900cb3333101401c9278aa1e14f1a787fc77a5ff69786b5dd33c43a76f317db34abc8eea1de3aaef8c919191c67bd79ff00c77fb37f6a7c37fed8f27fe119ff0084961fb7fda71e4f99e54bf64dfbb8c7da7c8db9fe3d9df14df893e2bf0bf815fc71ab69d7525978c934bb5fb6cb636e6e240ad23c76a4c723a40652ccc14c8cbc60b1d8b401eb7457ca5a57c4ef1ede26a5e1eff848f58d3750b7f18e99a31bcd6adf4a9f52b782e2dc492c720b4436bbb3ca900900aeecf2b5b577f123c4fa7e8377e1b93c47e20d4f5d4f16cfa1d95f68f63a58d56f618edfed38cdcf95668c1739731f2ab854dc77000f72f15fc3df0a78e5eca4f12f86746f103d8b992d5f56b08ae4dbb1c65a33229d8781c8c741e95afa66a765acd8437ba75dc17d6532ee8ae2d64592371d32aca4823e95f36f813e25f8b7e23e95e04d267f165ce8126a10eb33cfadc1059493de1b3baf26288e62783e6426490c48b9d84a1515c45bfc4fd77c29f01fc2b6fe1fd77598af34bf09cfaddccfa0db69696a15646549ae64bf663e41656f9204693b96fba0807da745667867519758f0de937f38513dd5a453c8106177320638f6c9ad3a0028a28a0028a28a002aa6a3a5596af14715fd9dbdec514a93a25c44b22a488c191c020e1958020f504022add14005145140141f41d324d6e2d65f4eb46d5e281ad63d41a0537090960c63126370524025738c806afd145001451450014514500145145001451450014514500145145001451450014514500145145001451450014514500145145001451450014514500145145001451450014514500145145001451450014514500145145001451450014514500145145001451450014514500145145001451450014514500145145001451450014514500737e31f86be11f88896abe2bf0ae89e265b52c6dd758d3a1bb1096c6ed9e62b6dce0671d702abdcfc24f035ee91a4e9571e0bf0f4fa5e90fe6e9d652e95034364f9cee850a6d8ce79ca814cf14788aed3c69e18f0de9f71f659af7cebfba94206616b06c0c8320805de58973d76efc60e08f1df017c5af12dc78acddea5e2196fac1ed754b9d4b4fb8b5b78b4fb4f21b30ff66dca46ad763683e61124e139dc626c2900f7dbbf0be8d7e351173a4585c0d4422de896d91bed4106104b91f3851c0dd9c76aa1ab7c37f096bdaf41ae6a7e16d1751d6add1638752bbd3e196e63456dcaab2329600372003c1e6bc1bc05f1a6483e11788bc537fe3bf11eafe23b7f0c36b2fa46bfa147a6c36ec632c24b5536503cf107c26edf2af4c9c904f47e0af1a5eddfc3ef125de99e3df12789bc4fa559c3a84d61e28d121d2e58f6a99362c26cad9fc99b6ba090861c1dad953401eb90f80fc336de2b9fc4f17877498bc4b71179136b296310bc923c01b1a60bbcafcabc138f947a54abe10d0e2b6b3821d22c2de3b28e48ad0456b1816ab20c388c6dc2061c10383df3546f66bbf1df826d2e7c37ae3684753861b887538ed52796385f6b131ac9940e54900babaa93928d8c1f32f08eb3ad788fc2de388eefe23eaf1691e1bd5e58adbc61676ba70b9ba822855ae124dd6ad6ede5ca658cb47129fdd63390c4807b2e87a3db787745b0d2acd4a5a594096d0a9c64222855e9ec2b2bc3bf0dbc23e10d5f50d5742f0b68ba2ea9a892d7b7da769f0dbcf724b6e2647450cf9624fcc4f2735e0777e3af17f86fc03e008f5ff1af8a61bff15eab35c9bcd3b41b6bfd56d74f16f24b14020b7b19119b8877bf907059864000d7bbf8335b8352f87f65a9697ad5cf8ba36b56921d46ed238e7ba619e2448e38d51f2369511a90410541068034e0f0a6896cb68b0e8f6112d9dc49776c12d5008267ddbe54c0f95dbcc7cb0e4ef6cf5358adf07bc04c2c81f0478708b19a5b8b5ce936ff00e8f2ca732bc7f27cace79623049eb9af17f841f18aefc61ab787f4a9fe21cbad6b1e26d3aedb51d3eded2d124f0cdf44aac6040b0e6329ba45f2eebcc726307a6e07aef86cfe317f14f8dae20f186ade34d17481fd996369aea69f6cb75a8280d2b096d6ce3291a92b1721fe6121c1c01401e9e3c15e1e16b756c341d305b5d5aa58cf0fd8e3d935ba02121718c346a198043c0dc7039a8ef3c01e18d43c47a7f886ebc39a45cebfa7a79567aacd6313dd5b2608db1ca57720c3370a4753eb5e77f0df58f1bf8f3e1cf889355f10dbe8fe22b6d76f2c9f50d26c1675b68629b052dd240433040555e457e7e628df76b4fe0178c751f17787f5c5d4754b9d5ce9bab4d656d75aa59ad96a4f0054643776c238bc993e7380638c94d8db46ee403d1754d2ecb5bd3ae74fd46d20bfb0b98da29ed6ea259229508c32b2b021811c1078ac4d33e1a784344f0bdd786b4ef0a68961e1cbb0e2e348b5d3a18ed260e30fbe15508db8707239ef5d2d1401cee95f0e7c27a15bc16fa6f85f46d3a081e29628ad34f8a258de20444ca1540050330523a64e319a35bf873e13f12d85c58eafe18d1b55b2b8ba17b35b5ee9f14d1cb7000026656520be001b8f3c75ae8a8a00e6f53f869e10d6b468f48d47c29a25fe931dc9bc4b0bad3a192059c92c6511b2950e4b31dd8ce589cf351df7c2cf05ea6da5b5e784341bb6d291e3d3ccfa640e6cd5fefac595fdd86ee1719ef5d45140115adac3636b0db5b431dbdbc28238a18942a228180aa0700003000a968a2800a28a2800a28a2800a28a2800a28a2800a28a2800a28a2800a28a2800a28a2800a28a2800a28a2800a28a2800a28a2800a28a2800a28a2800a28a2800a28a2800a28a2800a28a2800a28a2800a28a2800a28a2800a28a2800a28a2800a28a2800a28a2800a28a2800a28a2800a28a2800a28a2800a28a2800a28a2800a28a2800a28a2800a28a2800a28a2800a28a2800a28a280386f1768d35bfc41f0af88e2b69eee08e2b9d1ef12042e638ee0c6cb2900676892145247412163c2935caf85fe02ea5a1cfa0dadd78b84fa17861675f0f4167a62c3776a648de2569e6792449cc71c8cab88a304f2e1ebd467d6bc8f105a695f60bd93ed16f2cff006d8e1cdb45b0a0d8ef9e1db7e546390ade955fc63e2ab5f057876ef58bb82e2ea28362adbda2ab4b33bb844440c42e599940c9039e481cd691a7394a314b596dfd7fc310e7149b6f44717a77c2ff00145c6bb73aeebfe33b6bbd6e1d3a4d334abbd27455b4166923a3bc8e92cb38964631c609f9170a708a4e6b3352f0478a743d2bc5be20d4f53b6f1578cf56d39346b15d274992c6d604258460a19a671fbc94bbc8d2602a8c05c73eb3a75d497b636f7135a4d612ca81dad6e0a19222472ac5199723a7cac47a135cbeb9f1261d3f5a9b47d2344d57c57aadb2ab5ddb68e2002d030caf992cf2c5186208210397c10db76f3550a53a927182bb5e9f9dedf884a7182bc9ff005f9fe06678afe196aba87c21b5f05786bc49ff0008d4f05adb597f693dabdc168230aae98496261e62a952c8eaca189520e08a517c2ad72f3e136a9e06d4b59d06d6d6e2d8585a1f0e6832e9d6f6b6b80ad1085aee5ce577282aeb807a1c73d7f83fc6f65e328af161b7bcd3751b190437ba66a30f95716ae464060095604721d199187dd638a9bc51e2db3f092e946f239e41a8dfc5a745e4283b64933b4b648c2fca72464fb50e8d4553d972fbddbf1fcb517b4872f3df42a78b744f125ddad9ff00c229e20b4d02e6df2a63d474cfb7daca8401f346b2c32065c7ca5650393b95b8c617857e06785742b0d15f52d1f4cf10f8874c925b98f5fbed3606ba4b896569a592262a4c5991d982a9e381ce335d4f837c5569e37f0c69faed8c7345697b1f991a5c285900c91c8048edd89adaa89c254e4e12566b465464a49496ccf3bf0cfc36d761f19dbf88bc57e2883c493e9b6d359e9496da58b1f29256532493912b896621235dc8b120c36231bb8def877e0dff00840fc2f1e94f79fda3706e6e6ee7bbf2cc7e6c934ef2b36d2cd8e5f1d4f4edd2ba6a2a0a380d2fe1c6ade1bf0d6bd65a1f89574fd5350d62e35786fa4d3d668e232cbe67932445f322632ac55d188276b21c1ab9f0e7c0779e106d7350d63568b5bf106b9762eefaf2dad0da4036c6b1471c509924288a883ef3b124b1cf381d9d6258f8b6cf50f16eade1d8e39d6f74db6b7ba9a4651e5b2cc640814e7248f29b3903a8ebdae309493715b6afd3fa64b9256bf536e8a28a82828a28a0028a28a0028a28a0028a28a0028a28a0028a28a0028a28a0028a28a0028a28a0028a28a0028a28a0028a28a0028a28a0028a28a0028a28a0028a28a0028a28a0028a28a0028a28a0028a28a0028a28a0028a28a0028a28a0028a28a0028a28a0028a28a0028a28a0028a28a0028a28a0028a28a0028a28a0028a28a0028a28a0028a28a0028a28a0028a28a0028a28a0028a28a0028a28a0028a28a00f0bfda1bc39aaeb9a8dd369fa65edfa3784358b50d6b03c9995cdbec8c151f7db6b617a9c1c74ae43c77f06ed207f11699a578315b48b8d33449c5b41a717866bb5bd7134846d21a6111f9d8e5b69f98e0d7bf7897e19783fc677d1def883c29a1ebb7b1c6214b9d4f4e86e2458c1242067524282cc71d324fad64ffc284f865ff44ebc27ff00823b5ffe22be9b0b9ac30f4e10f7bdded6b7fe94b6e9eacf22b60a55672969aff5d8f2bf12783a78bc6d7f1c3e1bbc7f167f6fd84ba0eb36da73982cf4b41089235ba55f2e08c22dc2b4258162fc21de2b22ce286f355d7535ff000d5f78a62b7b9d54c7a6db583dd0fed5372cd1b4c141589cdb1b7f2a57da154b6197bfb5ff00c284f865ff0044ebc27ff823b5ff00e22ad6a9f08bc29aa4f693ae9d2e93716b6cb6514fa15ecfa5c82dd71b212d6cf1968d71f2a12557b015a4735a16516a5b5afd7a6d6774b4d93d1b6fed321e0aa5dbd37dbfe1d59fcfb25d11e13e1cd36ef4ef016b6d67a45cdc6a09e16b3d3ce8d7f14eb7d7f895dae6e9adb725cb461e691403b5a52ae070ca4b7c21e11d5ad6e658ed74096d34cff84bf4abeb78f4ff000ecda45a7922dcac9325ab16689430c31639cf271915ef11fc1ef051d224d32efc3561abdacb702ee6fed98bfb4249e70a55659249f7bc8e158a86624853b41038aabff0a13e197fd13af09ffe08ed7ff88abfed7a3efae57ef3f2ff003f37e7d09fa8d4f7755a7f5dbc91f3bf89fc2baddefc37f0de8773e0d6b9b887c3575f667bef0ddcea72add991bf751812247672e02b09a5539c803a60f47e22f86d71aed878f35cbaf0d5ddef8862d37467d26f26b391ae639d2152ed012372c818618afcdc60f4c57b2ffc284f865ff44ebc27ff00823b5ffe228ff8509f0cbfe89d784fff000476bffc455bcea969caa4b56fa7569b5f16ced67dc5fd9f3d6ed3d2df85bb74323e23691e2c4d06eb5892e6d35a3a3de41aae99a7695a4cb1de62393324658dc3f9acd1174c2a2649e9ce2b89f0bf83fc47a6de4b1cfa55e5e45a7d94fe238637f32159f52bab708d0ab9390caff6927041532a9e0915e9bff0a13e197fd13af09ffe08ed7ff88a3fe1427c32ff00a275e13ffc11daff00f115c34f30a14e9fb3b3fba2bb7697affe04ce89e16a4e7cf75f7bff002f4fb91f3ef85fc1fe227d2fc5eba2f8764d2e3d47c336cad069be1cb8d0d6e2559c99e12b3c8cf25c796ccbe6bb0ddb8119e4d696a1e0f3749e3993c0be14bdf0ff0087ee62d1b7d9dcf87ee208ae618e798dda2599f25dc6d3f3c4b83265b19dff0037b87fc284f865ff0044ebc27ff823b5ff00e228ff008509f0cbfe89d784ff00f0476bff00c45773cea8b93972cb5b76e96dfded5e9a37b7439965f5124aebaf7f3db4d37d7b9cefc08b593c39a56ab1bc1736fa65e6a7b6c2d6dfc3171a45ac3fba5de62b69249648622cac4b482352e5b03e604f2ba37871e13ae411f86b558fe2b4b26a9b7c489632c51157f37ececf7a76c72c5b0c2ab0ef72842fc83cb257d33fe1427c32ff00a275e13ffc11daff00f1147fc284f865ff0044ebc27ff823b5ff00e22b8bfb430fed2753debcaddba77d754faa7a3ea74fd56af2c63a697efd7e5a3ecfa1e117fe083a8e87a8c1e16f08eb1a36992695a75bead6ada6cf66f777e2f626670a555a691104a5e740410c0ef6c71b5e22f8436ba6ea5e2d9f46f089b66b2f1068d71a3359589516ea5edfed525b6d184070de63263383bb38af5dff008509f0cbfe89d784ff00f0476bff00c451ff000a13e197fd13af09ff00e08ed7ff0088aeafed9a77d39adf2d76ddf36bdb5e9a6dbe1f50975e5febb69a77f5d4eee8a6a22c68a88a1514602a8c003d29d5f247b81451450014514500145145001451450014514500145145001451450014514500145145001451450014514500145145001451450014514500145145001451450014514500145145001451450014514500145145001451450014514500145145001451450014514500145145001451450014514500145145001451450014514500145145001451450014514500145145001451450014514500145145001451450014514500145145001451450014514500145145001451450014514500145145001451450014514500145145001451450014514500145145001451450014514500145145001451450014514500145145001451450014514500145145001451450014514500145145001451450014514500145145001451450014514500145145001451450014514500145145001451450014514500145145001451450014514500145145001451450014514500145145007fffd9, '2020-10-01 10:23:20', '2020-10-01 10:23:20');

-- --------------------------------------------------------

--
-- Table structure for table `migrations`
--

CREATE TABLE `migrations` (
  `id` int(10) UNSIGNED NOT NULL,
  `migration` varchar(255) COLLATE utf8mb4_unicode_ci NOT NULL,
  `batch` int(11) NOT NULL
) ENGINE=InnoDB DEFAULT CHARSET=utf8mb4 COLLATE=utf8mb4_unicode_ci;

-- --------------------------------------------------------

--
-- Table structure for table `oauth_access_tokens`
--

CREATE TABLE `oauth_access_tokens` (
  `id` varchar(100) COLLATE utf8mb4_unicode_ci NOT NULL,
  `user_id` bigint(20) UNSIGNED DEFAULT NULL,
  `client_id` bigint(20) UNSIGNED NOT NULL,
  `name` varchar(255) COLLATE utf8mb4_unicode_ci DEFAULT NULL,
  `scopes` text COLLATE utf8mb4_unicode_ci DEFAULT NULL,
  `revoked` tinyint(1) NOT NULL,
  `created_at` timestamp NULL DEFAULT NULL,
  `updated_at` timestamp NULL DEFAULT NULL,
  `expires_at` datetime DEFAULT NULL
) ENGINE=InnoDB DEFAULT CHARSET=utf8mb4 COLLATE=utf8mb4_unicode_ci;

-- --------------------------------------------------------

--
-- Table structure for table `oauth_auth_codes`
--

CREATE TABLE `oauth_auth_codes` (
  `id` varchar(100) COLLATE utf8mb4_unicode_ci NOT NULL,
  `user_id` bigint(20) UNSIGNED NOT NULL,
  `client_id` bigint(20) UNSIGNED NOT NULL,
  `scopes` text COLLATE utf8mb4_unicode_ci DEFAULT NULL,
  `revoked` tinyint(1) NOT NULL,
  `expires_at` datetime DEFAULT NULL
) ENGINE=InnoDB DEFAULT CHARSET=utf8mb4 COLLATE=utf8mb4_unicode_ci;

-- --------------------------------------------------------

--
-- Table structure for table `oauth_clients`
--

CREATE TABLE `oauth_clients` (
  `id` bigint(20) UNSIGNED NOT NULL,
  `user_id` bigint(20) UNSIGNED DEFAULT NULL,
  `name` varchar(255) COLLATE utf8mb4_unicode_ci NOT NULL,
  `secret` varchar(100) COLLATE utf8mb4_unicode_ci DEFAULT NULL,
  `provider` varchar(255) COLLATE utf8mb4_unicode_ci DEFAULT NULL,
  `redirect` text COLLATE utf8mb4_unicode_ci NOT NULL,
  `personal_access_client` tinyint(1) NOT NULL,
  `password_client` tinyint(1) NOT NULL,
  `revoked` tinyint(1) NOT NULL,
  `created_at` timestamp NULL DEFAULT NULL,
  `updated_at` timestamp NULL DEFAULT NULL
) ENGINE=InnoDB DEFAULT CHARSET=utf8mb4 COLLATE=utf8mb4_unicode_ci;

-- --------------------------------------------------------

--
-- Table structure for table `oauth_personal_access_clients`
--

CREATE TABLE `oauth_personal_access_clients` (
  `id` bigint(20) UNSIGNED NOT NULL,
  `client_id` bigint(20) UNSIGNED NOT NULL,
  `created_at` timestamp NULL DEFAULT NULL,
  `updated_at` timestamp NULL DEFAULT NULL
) ENGINE=InnoDB DEFAULT CHARSET=utf8mb4 COLLATE=utf8mb4_unicode_ci;

-- --------------------------------------------------------

--
-- Table structure for table `oauth_refresh_tokens`
--

CREATE TABLE `oauth_refresh_tokens` (
  `id` varchar(100) COLLATE utf8mb4_unicode_ci NOT NULL,
  `access_token_id` varchar(100) COLLATE utf8mb4_unicode_ci NOT NULL,
  `revoked` tinyint(1) NOT NULL,
  `expires_at` datetime DEFAULT NULL
) ENGINE=InnoDB DEFAULT CHARSET=utf8mb4 COLLATE=utf8mb4_unicode_ci;

-- --------------------------------------------------------

--
-- Table structure for table `password_resets`
--

CREATE TABLE `password_resets` (
  `email` varchar(255) COLLATE utf8mb4_unicode_ci NOT NULL,
  `token` varchar(255) COLLATE utf8mb4_unicode_ci NOT NULL,
  `created_at` timestamp NULL DEFAULT NULL
) ENGINE=InnoDB DEFAULT CHARSET=utf8mb4 COLLATE=utf8mb4_unicode_ci;

--
-- Dumping data for table `password_resets`
--

INSERT INTO `password_resets` (`email`, `token`, `created_at`) VALUES
('demo@tradabet.com', '$2y$10$XuCJDTqHczHcCQc.sZL64.ETKo0w9UI9jW8fBsP.cKSRqqCJq4M/y', '2020-09-24 06:32:47'),
('harish.ks@star-knowledge.org', '$2y$10$VEsNq.GmMq39hX4tHSL1fei6KVkTlvtt39tgbAuLP95COy/SX4Pzm', '2020-09-24 07:27:59');

-- --------------------------------------------------------

--
-- Table structure for table `tokens`
--

CREATE TABLE `tokens` (
  `id` int(10) UNSIGNED NOT NULL,
  `code` varchar(10) COLLATE utf8mb4_unicode_ci NOT NULL,
  `user_id` int(10) UNSIGNED NOT NULL,
  `used` tinyint(1) NOT NULL DEFAULT 0,
  `created_at` timestamp NULL DEFAULT NULL,
  `updated_at` timestamp NULL DEFAULT NULL
) ENGINE=InnoDB DEFAULT CHARSET=utf8mb4 COLLATE=utf8mb4_unicode_ci;

-- --------------------------------------------------------

--
-- Table structure for table `transaction`
--

CREATE TABLE `transaction` (
  `id` bigint(20) UNSIGNED NOT NULL,
  `user_id` bigint(20) UNSIGNED NOT NULL,
  `opening_balance` double(20,2) NOT NULL DEFAULT 0.00,
  `status` varchar(255) COLLATE utf8mb4_unicode_ci NOT NULL,
  `amount` double(10,2) NOT NULL DEFAULT 0.00,
  `closing_balance` double(20,2) NOT NULL DEFAULT 0.00,
  `created_at` timestamp NULL DEFAULT NULL,
  `updated_at` timestamp NULL DEFAULT NULL
) ENGINE=InnoDB DEFAULT CHARSET=utf8mb4 COLLATE=utf8mb4_unicode_ci;

--
-- Dumping data for table `transaction`
--

INSERT INTO `transaction` (`id`, `user_id`, `opening_balance`, `status`, `amount`, `closing_balance`, `created_at`, `updated_at`) VALUES
(1, 1, 0.00, 'deposit', 800.00, 0.00, '2020-09-17 05:18:28', '2020-09-17 05:18:28'),
(2, 1, 0.00, 'deposit', 100.00, 0.00, '2020-09-17 12:09:14', '2020-09-17 12:09:14'),
(3, 1, 0.00, 'withdraw', 100.00, 0.00, '2020-09-17 12:10:42', '2020-09-17 12:10:42'),
(4, 1, 0.00, 'deposit', 200.00, 0.00, '2020-09-30 14:55:48', '2020-09-30 14:55:48'),
(5, 1, 0.00, 'deposit', 200.00, 0.00, '2020-09-30 15:12:24', '2020-09-30 15:12:24'),
(6, 1, 0.00, 'withdraw', 100.00, 0.00, '2020-09-30 15:13:15', '2020-09-30 15:13:15'),
(7, 1, 1100.00, 'withdraw', 100.00, 1000.00, '2020-10-06 07:28:39', '2020-10-06 07:28:39'),
(8, 1, 1000.00, 'reversed', 100.00, 1100.00, '2020-10-06 07:29:12', '2020-10-06 07:29:12'),
(9, 3, 0.00, 'deposit', 100.00, 100.00, '2020-10-16 05:30:07', '2020-10-16 05:30:07'),
(10, 3, 100.00, 'bonus', 100.00, 200.00, '2020-10-16 05:30:07', '2020-10-16 05:30:07');

-- --------------------------------------------------------

--
-- Table structure for table `user`
--

CREATE TABLE `user` (
  `id` bigint(20) UNSIGNED NOT NULL,
  `first_name` varchar(255) COLLATE utf8mb4_unicode_ci NOT NULL,
  `last_name` varchar(255) COLLATE utf8mb4_unicode_ci NOT NULL,
  `date_of_birth` date DEFAULT NULL,
  `email` varchar(255) COLLATE utf8mb4_unicode_ci NOT NULL,
  `email_verified_at` timestamp NULL DEFAULT NULL,
  `password` varchar(255) COLLATE utf8mb4_unicode_ci NOT NULL,
  `remember_token` varchar(100) COLLATE utf8mb4_unicode_ci DEFAULT NULL,
  `created_at` timestamp NULL DEFAULT NULL,
  `updated_at` timestamp NULL DEFAULT NULL,
  `google2fa_secret` text COLLATE utf8mb4_unicode_ci DEFAULT NULL,
  `google_id` varchar(255) COLLATE utf8mb4_unicode_ci DEFAULT NULL,
  `country_code` varchar(4) COLLATE utf8mb4_unicode_ci DEFAULT NULL,
  `phone` varchar(255) COLLATE utf8mb4_unicode_ci DEFAULT NULL,
  `city` varchar(255) COLLATE utf8mb4_unicode_ci DEFAULT NULL,
  `state` varchar(255) COLLATE utf8mb4_unicode_ci DEFAULT NULL,
  `country` varchar(255) COLLATE utf8mb4_unicode_ci DEFAULT NULL,
  `role` varchar(10) COLLATE utf8mb4_unicode_ci NOT NULL DEFAULT 'user'
) ENGINE=InnoDB DEFAULT CHARSET=utf8mb4 COLLATE=utf8mb4_unicode_ci;

--
-- Dumping data for table `user`
--

INSERT INTO `user` (`id`, `first_name`, `last_name`, `date_of_birth`, `email`, `email_verified_at`, `password`, `remember_token`, `created_at`, `updated_at`, `google2fa_secret`, `google_id`, `country_code`, `phone`, `city`, `state`, `country`, `role`) VALUES
(1, 'Demo', 'User', '2001-09-12', 'demo@tradabet.com', NULL, '$2y$10$k4L6e28DzcIS954scsw74OwfOkxxE/cAmGtZk0G2xLVSfCYoVqmLq', NULL, '2020-09-17 04:08:40', '2020-09-17 04:08:40', NULL, NULL, NULL, '9876543210', 'New town', 'Lagos', 'Nigeria', 'user'),
(2, 'Super', 'admin', '2001-09-05', 'superadmin@tradabet.com', NULL, '$2y$10$7bU5OrwZ7oU0IwLI.2iLr.PBIEAjICay.DRAW8OXL6CH7aGdo5XZy', NULL, '2020-09-10 01:02:27', '2020-09-10 01:02:27', NULL, NULL, NULL, '9676543219', 'Angel', 'Lagos', 'Nigeria', 'admin'),
(3, 'Steven', 'smith', '2001-09-18', 'harish.ks@star-knowledge.org', NULL, '$2y$10$ejyEGBIUZ9XPDMhZrGnKB./8slqCdxL1dRWnPGUdDqbb6Be51o.rm', NULL, '2020-09-24 06:47:03', '2020-09-24 06:47:03', NULL, NULL, NULL, '9876543210', 'New town', 'Lagos', 'Nigeria', 'user'),
(4, 'Aamer', 'Zhir', '2000-02-22', 'aamer@star-knowledge.org', NULL, '$2y$10$WjpryJ5XeUvFPEXZ.5NY/eZdAPHPFMd0qesttxOHlqDGCkg1nWLWG', NULL, '2020-09-30 15:28:41', '2020-09-30 15:28:41', NULL, NULL, NULL, '1231231234', 'Ikoyi', 'Lagos', 'Nigeria', 'user');

-- --------------------------------------------------------

--
-- Table structure for table `withdraw_requests`
--

CREATE TABLE `withdraw_requests` (
  `id` bigint(20) UNSIGNED NOT NULL,
  `user_id` bigint(20) UNSIGNED NOT NULL,
  `status` varchar(255) COLLATE utf8mb4_unicode_ci NOT NULL,
  `amount` double(10,2) NOT NULL DEFAULT 0.00,
  `created_at` timestamp NULL DEFAULT NULL,
  `updated_at` timestamp NULL DEFAULT NULL
) ENGINE=InnoDB DEFAULT CHARSET=utf8mb4 COLLATE=utf8mb4_unicode_ci;

--
-- Dumping data for table `withdraw_requests`
--

INSERT INTO `withdraw_requests` (`id`, `user_id`, `status`, `amount`, `created_at`, `updated_at`) VALUES
(1, 1, 'approved', 100.00, '2020-09-17 12:10:42', '2020-09-17 12:23:32'),
(2, 1, 'approved', 100.00, '2020-09-30 15:13:15', '2020-09-30 15:31:48'),
(3, 1, 'reversed', 100.00, '2020-10-06 07:28:39', '2020-10-06 07:29:12');

--
-- Indexes for dumped tables
--

--
-- Indexes for table `balance`
--
ALTER TABLE `balance`
  ADD PRIMARY KEY (`id`),
  ADD KEY `balance_user_id_foreign` (`user_id`);

--
-- Indexes for table `failed_jobs`
--
ALTER TABLE `failed_jobs`
  ADD PRIMARY KEY (`id`);

--
-- Indexes for table `inbox_notification`
--
ALTER TABLE `inbox_notification`
  ADD PRIMARY KEY (`inbox_notification_id`);

--
-- Indexes for table `kyc_documents`
--
ALTER TABLE `kyc_documents`
  ADD PRIMARY KEY (`id`),
  ADD KEY `kyc_documents_user_id_foreign` (`user_id`);

--
-- Indexes for table `migrations`
--
ALTER TABLE `migrations`
  ADD PRIMARY KEY (`id`);

--
-- Indexes for table `oauth_access_tokens`
--
ALTER TABLE `oauth_access_tokens`
  ADD PRIMARY KEY (`id`),
  ADD KEY `oauth_access_tokens_user_id_index` (`user_id`);

--
-- Indexes for table `oauth_auth_codes`
--
ALTER TABLE `oauth_auth_codes`
  ADD PRIMARY KEY (`id`),
  ADD KEY `oauth_auth_codes_user_id_index` (`user_id`);

--
-- Indexes for table `oauth_clients`
--
ALTER TABLE `oauth_clients`
  ADD PRIMARY KEY (`id`),
  ADD KEY `oauth_clients_user_id_index` (`user_id`);

--
-- Indexes for table `oauth_personal_access_clients`
--
ALTER TABLE `oauth_personal_access_clients`
  ADD PRIMARY KEY (`id`);

--
-- Indexes for table `oauth_refresh_tokens`
--
ALTER TABLE `oauth_refresh_tokens`
  ADD PRIMARY KEY (`id`),
  ADD KEY `oauth_refresh_tokens_access_token_id_index` (`access_token_id`);

--
-- Indexes for table `password_resets`
--
ALTER TABLE `password_resets`
  ADD KEY `password_resets_email_index` (`email`);

--
-- Indexes for table `tokens`
--
ALTER TABLE `tokens`
  ADD PRIMARY KEY (`id`);

--
-- Indexes for table `transaction`
--
ALTER TABLE `transaction`
  ADD PRIMARY KEY (`id`),
  ADD KEY `transaction_user_id_foreign` (`user_id`);

--
-- Indexes for table `user`
--
ALTER TABLE `user`
  ADD PRIMARY KEY (`id`),
  ADD UNIQUE KEY `users_email_unique` (`email`);

--
-- Indexes for table `withdraw_requests`
--
ALTER TABLE `withdraw_requests`
  ADD PRIMARY KEY (`id`),
  ADD KEY `withdraw_requests_user_id_foreign` (`user_id`);

--
-- AUTO_INCREMENT for dumped tables
--

--
-- AUTO_INCREMENT for table `balance`
--
ALTER TABLE `balance`
  MODIFY `id` bigint(20) UNSIGNED NOT NULL AUTO_INCREMENT, AUTO_INCREMENT=4;

--
-- AUTO_INCREMENT for table `failed_jobs`
--
ALTER TABLE `failed_jobs`
  MODIFY `id` bigint(20) UNSIGNED NOT NULL AUTO_INCREMENT;

--
-- AUTO_INCREMENT for table `inbox_notification`
--
ALTER TABLE `inbox_notification`
  MODIFY `inbox_notification_id` int(10) UNSIGNED NOT NULL AUTO_INCREMENT, AUTO_INCREMENT=7;

--
-- AUTO_INCREMENT for table `kyc_documents`
--
ALTER TABLE `kyc_documents`
  MODIFY `id` bigint(20) UNSIGNED NOT NULL AUTO_INCREMENT, AUTO_INCREMENT=2;

--
-- AUTO_INCREMENT for table `migrations`
--
ALTER TABLE `migrations`
  MODIFY `id` int(10) UNSIGNED NOT NULL AUTO_INCREMENT;

--
-- AUTO_INCREMENT for table `oauth_clients`
--
ALTER TABLE `oauth_clients`
  MODIFY `id` bigint(20) UNSIGNED NOT NULL AUTO_INCREMENT;

--
-- AUTO_INCREMENT for table `oauth_personal_access_clients`
--
ALTER TABLE `oauth_personal_access_clients`
  MODIFY `id` bigint(20) UNSIGNED NOT NULL AUTO_INCREMENT;

--
-- AUTO_INCREMENT for table `tokens`
--
ALTER TABLE `tokens`
  MODIFY `id` int(10) UNSIGNED NOT NULL AUTO_INCREMENT;

--
-- AUTO_INCREMENT for table `transaction`
--
ALTER TABLE `transaction`
  MODIFY `id` bigint(20) UNSIGNED NOT NULL AUTO_INCREMENT, AUTO_INCREMENT=11;

--
-- AUTO_INCREMENT for table `user`
--
ALTER TABLE `user`
  MODIFY `id` bigint(20) UNSIGNED NOT NULL AUTO_INCREMENT, AUTO_INCREMENT=5;

--
-- AUTO_INCREMENT for table `withdraw_requests`
--
ALTER TABLE `withdraw_requests`
  MODIFY `id` bigint(20) UNSIGNED NOT NULL AUTO_INCREMENT, AUTO_INCREMENT=4;

--
-- Constraints for dumped tables
--

--
-- Constraints for table `balance`
--
ALTER TABLE `balance`
  ADD CONSTRAINT `balance_user_id_foreign` FOREIGN KEY (`user_id`) REFERENCES `user` (`id`) ON DELETE CASCADE;

--
-- Constraints for table `kyc_documents`
--
ALTER TABLE `kyc_documents`
  ADD CONSTRAINT `kyc_documents_user_id_foreign` FOREIGN KEY (`user_id`) REFERENCES `user` (`id`) ON DELETE CASCADE;

--
-- Constraints for table `transaction`
--
ALTER TABLE `transaction`
  ADD CONSTRAINT `transaction_user_id_foreign` FOREIGN KEY (`user_id`) REFERENCES `user` (`id`) ON DELETE CASCADE;

--
-- Constraints for table `withdraw_requests`
--
ALTER TABLE `withdraw_requests`
  ADD CONSTRAINT `withdraw_requests_user_id_foreign` FOREIGN KEY (`user_id`) REFERENCES `user` (`id`) ON DELETE CASCADE;
COMMIT;

/*!40101 SET CHARACTER_SET_CLIENT=@OLD_CHARACTER_SET_CLIENT */;
/*!40101 SET CHARACTER_SET_RESULTS=@OLD_CHARACTER_SET_RESULTS */;
/*!40101 SET COLLATION_CONNECTION=@OLD_COLLATION_CONNECTION */;
